query,frequency,category_breakdown
,14,Product:2; Shop:8; Voucher:4
"Looking for glue sticks in color d, priced above 19 PHP.",6,Product:6
Show me digital sensors from LazMall that cost more than 78 PHP.,5,Product:5
"Find shops offering power tools where one item has an LED light feature, is corded, and costs over 375 PHP, and another item is a cordless drill from DEWALT.",5,Shop:5
"I'm looking for a shop that sells these items: First, a power supply adapter for Acer devices, 12v3a variation, 1 meter cord, wall charger type, works with any brand, offers free shipping, and costs more than 102 PHP. Second, a black RCA to HDMI AV converter, priced between 78 and 423 pesos. Third, a black crimping pliers tool for network cables, from the brand yunleo, comes with LazMall service, and is priced above 34 pesos. Please show me shops that have all these products.",4,Shop:4
"Looking for a heavy duty bearing, size 6203, with complimentary shipping and priced above 16 PHP.",4,Product:4
"Show me frozen plant-based barbeque in a bag from the Philippines that stays fresh for 24 weeks, and also vegan meatballs.

My budget is only `247`, but I have a voucher with the following rules:
1. The voucher only applies to the products from the same shop.
2. It is valid only when the total price of the products exceeds `149`.
3. It provides a fixed discount of `18`.",4,Voucher:4
"Find a shop that offers these items: First, a driving light for motorcycles in the 1pcs color option, from the brand senda, priced above 80 PHP. Second, a multifunctional laser leveler bracket by senda. Third, a universal motorcycle throttle grip from senda, available with LazMall service and costing more than 24 PHP. Lastly, a set of 2 blind spot mirrors for cars or motorcycles, with 'products only' service, available with LazFlash and priced over 17 PHP.",4,Shop:4
Show me plastic baking tools priced above 10 PHP.,4,Product:4
"Looking for mosquito swatter in 250mah color, powered by battery and works with 220v input. Also searching for a portable power station with combi c., rechargeable feature, 1000-2000 power use, brand gavao, and universal plug. Need an extension cord, 4m long, from gavao. Lastly, want a home emergency power bank with ultra-quiet operation, 220v input, 1-500 power range, and universal plug.

My budget is only `7984`, but I have a voucher with the following rules:
1. The voucher only applies to the products from the same shop.
2. It is valid only when the total price of the products exceeds `5803`.
3. It provides a fixed discount of `1343`.",4,Voucher:4
"I'm looking for a pouch-packaged toilet cleaner with a lavender scent, a karaoke player from The Platinum Karaoke brand that runs on 220v, uses up to 500 watts, and has two mic inputs, and a puppy dog food with hip and joint benefits that's available with a LazFlash deal.

My budget is only `5027`, but I have a voucher with the following rules:
1. The voucher applies to all products.
2. It is valid only when the total price of the products exceeds `3372`.
3. It provides a percentage discount of `16%` with a cap of `2292`.",4,Voucher:4
"Find shops offering single-lens diving masks from Intex priced above 215 PHP, and also selling Intex goggles for kids aged 3-8.",4,Shop:4
"Find sprocket sets for the sniper150 model that come with free shipping, GY6 linear grooved bell, custom sprocket sets for yamaha fz16 with LazMall service, and RUSI sprocket sets.

My budget is only `4638`, but I have a voucher with the following rules:
1. The voucher only applies to the products from the same shop.
2. It is valid only when the total price of the products exceeds `6649`.
3. It provides a percentage discount of `41%` with a cap of `4362`.",4,Voucher:4
"Show me metal cream dispensers, amber LED fog lights for cars, and 1.2m*10m sunshade panels with complimentary shipping.

My budget is only `2866`, but I have a voucher with the following rules:
1. The voucher only applies to the products from the same shop.
2. It is valid only when the total price of the products exceeds `2863`.
3. It provides a percentage discount of `43%` with a cap of `1280`.",4,Voucher:4
"Looking for women's sandals in white, size EU 40, made of leather with a block heel style. Prefer OEM brand, suitable for casual wear, with a plain design, and priced above 372 PHP.",3,Product:3
"Find shops that offer all of the following: 1) a bread proofing basket with cash on delivery and a price above 347 PHP, 2) a PVC ceiling panel with free shipping and a price over 585 PHP, and 3) blue rose flower seeds with free shipping and a price higher than 452 PHP.",3,Shop:3
"Looking for a shop that offers these items: (1) a front desk key phone operator with caller ID and priced above 3603 PHP, (2) a PABX exchange system, (3) a GSM wireless telephone system with intercom, costing more than 7922 PHP, and (4) a PBX intercom system with capacity options, available with LazFlash deals and priced between 5645 and 6997 PHP. Please show shops selling all these products.",3,Shop:3
"Find shops offering powder detergent in 1 kilo size with a pink variant, featuring brightening and whitening benefits, priced from 1 to 62 pesos; also shops selling 14-inch cutoff discs for machines in packs of 10, costing over 215 pesos; and those with heavy-duty 14-inch cutoff discs in 5-piece sets, suitable for metal work, available with LazFlash deals and priced above 79 pesos.",3,Shop:3
"I'm looking for a gel pen that comes with free delivery. Also, I need a wooden coffee table in a classical style, made by xuxu, with legs as the base, measuring 30 cm wide and 40 cm deep, and the model should be xuxu.

My budget is only `666`, but I have a voucher with the following rules:
1. The voucher applies to all products.
2. It is valid only when the total price of the products exceeds `786`.
3. It provides a percentage discount of `34%` with a cap of `410`.",3,Voucher:3
"Looking for a panel gauge cover in carbon color from surfy, a black triangle safety nose suitable for kids aged 8 and up, and a blue women's denim shirt in size large (for 53-60kg), with a v-neck, 3/4 sleeves, and a gathered blouse style.

My budget is only `501`, but I have a voucher with the following rules:
1. The voucher applies to all products.
2. It is valid only when the total price of the products exceeds `702`.
3. It provides a percentage discount of `40%` with a cap of `367`.",3,Voucher:3
"Looking for a premium hand or foot lotion from scd perfect care for your skin, model 2022, in a travel size single pack, with glycolic acid as a preferred ingredient.",3,Product:3
"Show me women's pants that are normal size, full length, and have a wide leg fit. The material can be standard, and please include only those with cash on delivery available. I'm looking for options priced above 173 PHP.",3,Product:3
"Find led light socket with infrared feature, LazMall service, and price from 108 to 220 PHP.",3,Product:3
Looking for xtep black1 running shoes in EU size 43,3,Product:3
"I'm looking for a shop that offers these items: First, a sword holder in size b, with a black*2 color option, and priced above 19 pesos. Second, a truck fuel tank cover in black, available as products only, supports cash on delivery, and costs between 155 and 462 pesos. Third, motorcycle brake pads with a price range from 83 to 389 pesos. Please show shops that have all these products.",3,Shop:3
"Find a shop offering both an OEM brand LCD display for Samsung Galaxy Core priced between 636 and 1633 PHP, and a TP-Link Neffos C9a LCD display that supports cash on delivery and costs over 1610 PHP. Both should be in the mobile display replacement category.",3,Shop:3
"Show me OEM brand cabin filters for Honda Civic and also camera lens protectors for Vivo Y100.

My budget is only `500`, but I have a voucher with the following rules:
1. The voucher applies to all products.
2. It is valid only when the total price of the products exceeds `93`.
3. It provides a percentage discount of `16%` with a cap of `78`.",3,Voucher:3
"I'm looking for some rivets for sheet metal, specifically the type used as fasteners. Also, I need a cutting disc from Sunrise that's meant for cutting and is a cutting face grinding wheel. Additionally, I'm searching for an armature replacement part for a cut-off machine, mainly for cutting tasks. Lastly, I want a DCA brand brush holder cap for a demolition hammer that's corded, works with stick-type welders, has a point chisel, and is available with cash on delivery.

My budget is only `1558`, but I have a voucher with the following rules:
1. The voucher only applies to the products from the same shop.
2. It is valid only when the total price of the products exceeds `1846`.
3. It provides a percentage discount of `36%` with a cap of `1500`.",3,Voucher:3
Show me steel watchband adapters for Xiaomi with a price above 55 PHP.,3,Product:3
"I'm looking for a gold-b color home decoration that supports cash on delivery, a Panasonic brand air conditioner with 1.5 hp, 220v input, and LazFlash deals, and a 6pcs color set of baking molds available through LazMall.

My budget is only `36313`, but I have a voucher with the following rules:
1. The voucher applies to all products.
2. It is valid only when the total price of the products exceeds `26311`.
3. It provides a percentage discount of `28%` with a cap of `14525`.",3,Voucher:3
"Show me black canvas shoulder bags from LazMall.

My budget is only `116`, but I have a voucher with the following rules:
1. The voucher applies to all products.
2. It is valid only when the total price of the products exceeds `74`.
3. It provides a fixed discount of `22`.",3,Voucher:3
"Looking for a men's square quartz watch with a silver strap, in the grey color family, suitable for unisex, and priced above 3894 PHP.",3,Product:3
"Looking for a necklace made from zinc alloy, available for cash on delivery, and priced between 5 and 14 pesos.",3,Product:3
Show me ceramic vases from oriental home that cost more than 1 peso.,3,Product:3
"I'm looking for a stainless steel kitchen knife made in the USA, and also kids' socks in multicolor, made of cotton, with a free size height.

My budget is only `150`, but I have a voucher with the following rules:
1. The voucher only applies to the products from the same shop.
2. It is valid only when the total price of the products exceeds `54`.
3. It provides a fixed discount of `21`.",3,Voucher:3
"Looking for hand grips in black, XL size, suitable for hands; barefoot powerlifting shoes in EU 45; grip support for workouts, large size, black, with padding for legs; and wrist wraps, 50cm size. Please show options for these categories.

My budget is only `10772`, but I have a voucher with the following rules:
1. The voucher only applies to the products from the same shop.
2. It is valid only when the total price of the products exceeds `10185`.
3. It provides a percentage discount of `45%` with a cap of `5845`.",3,Voucher:3
"Find a shop offering all of these: (1) A bag strap in the bags category, pink color, made of nylon, with an animal print pattern, model oem, free shipping, and priced above 20 PHP; (2) A crossbody strap in the bags category, priced over 46 PHP; (3) A reusable shopping bag in the bags category, black color, crafted from nylon, available with LazFlash deals, and costing more than 9 PHP.",3,Shop:3
"Show me bremod products for frizzy hair, especially peroxide oxidizing creams. Also, I'm looking for bremod cream hair colors, including mocha brown and dark brown shades, all in cream formulation. Please include single items in the color family with 6% oxidizer, and make sure at least one is from LazMall for guaranteed authenticity and easy returns.

My budget is only `277`, but I have a voucher with the following rules:
1. The voucher only applies to the products from the same shop.
2. It is valid only when the total price of the products exceeds `192`.
3. It provides a fixed discount of `36`.",3,Voucher:3
"Looking for an iron kitchen organizer that's waterproof, and a 5g wifi antenna suitable for connecting 16 to 25 devices.

My budget is only `2116`, but I have a voucher with the following rules:
1. The voucher only applies to the products from the same shop.
2. It is valid only when the total price of the products exceeds `542`.
3. It provides a percentage discount of `50%` with a cap of `349`.",3,Voucher:3
"Show me financial accounting books with LazFlash deals, and local government law books in English with ISBN 1 that come with complimentary shipping.

My budget is only `2286`, but I have a voucher with the following rules:
1. The voucher only applies to the products from the same shop.
2. It is valid only when the total price of the products exceeds `579`.
3. It provides a percentage discount of `35%` with a cap of `347`.",3,Voucher:3
"Find shops offering a ring box with cash on delivery, a seedling tray that is free form in shape and has an oem model, and a set of snapback straps for baseball caps priced above 2 PHP.",3,Shop:3
"I'm looking for a multipack refill bottle of a fragrance free leather care product. Also, I want an olive green cotton blouse with a halter neck and short sleeves, available with free shipping and cash on delivery.

My budget is only `1064`, but I have a voucher with the following rules:
1. The voucher applies to all products.
2. It is valid only when the total price of the products exceeds `142`.
3. It provides a fixed discount of `40`.",3,Voucher:3
Find vegetable choppers that support pay on delivery and cost more than 7 PHP.,3,Product:3
"Looking for a shop offering watches where one has a calendar function, is non-branded, made in China, with a 40mm dial and 50m water resistance, and another is a silver chronograph watch with a stopwatch feature, stainless steel band, and comes with complimentary shipping.",3,Shop:3
"I'm looking for a shop that sells several items. First, I want a white electric fan accessory with the model listed as 'ohters', which comes with free delivery and is part of a LazFlash deal. Next, I need a microwave oven cooling fan motor in the 'as the picture' color family, also with the model 'ohters', and the component type should be remote control. It should support cash on delivery and cost more than 44 pesos. Lastly, I'm searching for an air conditioner remote control, again with the model 'ohters'. Please show me shops that offer all these products.",3,Shop:3
"Show me cotton crew neck basketball shirts in extra large, and also casual volleyball shirts in medium.

My budget is only `463`, but I have a voucher with the following rules:
1. The voucher only applies to the products from the same shop.
2. It is valid only when the total price of the products exceeds `561`.
3. It provides a fixed discount of `194`.",3,Voucher:3
"I'm looking for a commercial bread slicer, a multifunctional mixer with 8kg capacity, face style, electric features, and 1500W power, a high-power electric grill for indoor use, and a gas egg waffle maker that's available with a LazFlash deal. Please show me options that match these details.

My budget is only `37902`, but I have a voucher with the following rules:
1. The voucher only applies to the products from the same shop.
2. It is valid only when the total price of the products exceeds `6259`.
3. It provides a percentage discount of `23%` with a cap of `5071`.",3,Voucher:3
"Looking for a blue CDI unit for Yamaha, with LazMall service for guaranteed authenticity and quick returns.

My budget is only `507`, but I have a voucher with the following rules:
1. The voucher applies to all products.
2. It is valid only when the total price of the products exceeds `658`.
3. It provides a percentage discount of `45%` with a cap of `462`.",3,Voucher:3
"Show me chandeliers made of metal with a natural white bulb color, width between 20 and 24 inches, runs on 220v, and costs from 826 to 2797 PHP.",3,Product:3
"Find a shop offering these items: First, a clear color yeast extract vegan spread with cash on delivery, priced above 163 PHP. Second, a clear color clarifying and volumizing shampoo (2 pieces, single item pack, fragrance-free, by Aveeno, model Aveeno) for hair volume concerns, with LazMall service, and price between 946 and 1559 PHP. Third, a fabric conditioner (1 piece, box packaging, cherry blossom scent, model Comfort, single pack type) with price from 261 to 1356 PHP.",3,Shop:3
"Looking for shops offering these: a hair spray for all hair types as a single item, priced above 5 pesos; a keratin-based hair treatment within 285 to 849 pesos; a powder-form body scrub sold as a single item, over 8 pesos; and a hair care product for split ends or damage, priced above 233 pesos.",3,Shop:3
"I'm looking for an ultrasonic humidifier from one home, and also a vacuum cleaner by one home that has no cord. Can you help me find these products?

My budget is only `1583`, but I have a voucher with the following rules:
1. The voucher only applies to the products from the same shop.
2. It is valid only when the total price of the products exceeds `2064`.
3. It provides a percentage discount of `38%` with a cap of `1557`.",3,Voucher:3
"Show me cotton blend bedsheets for adults from Home de Luxe, in single size, with an orange stripes design and an abstract pattern. I want breathable fabric, cash on delivery option, and the price should be between 1012 and 1139 PHP.",3,Product:3
"Looking for a men's t-shirt in large size, blue 1 color, with embroidery design and standard material.",3,Product:3
"I'm looking for a stainless steel sponge holder for the kitchen, a bamboo reusable capsule filter coffee accessory, and a 1pcs color manual can opener.

My budget is only `295`, but I have a voucher with the following rules:
1. The voucher only applies to the products from the same shop.
2. It is valid only when the total price of the products exceeds `149`.
3. It provides a percentage discount of `35%` with a cap of `134`.",3,Voucher:3
"I'm looking for a vitamin c supplement that contains vitamin c, a standard badminton net for outdoor use, and a Gripper G-Classic tubeless tire with complimentary shipping.

My budget is only `975`, but I have a voucher with the following rules:
1. The voucher applies to all products.
2. It is valid only when the total price of the products exceeds `837`.
3. It provides a percentage discount of `26%` with a cap of `707`.",3,Voucher:3
"I'm looking for a white cable management tray made of metal, specifically carbon steel, from the brand just living, and it should have a LazFlash deal. Also, I want a blue cup cover. Both items should be in the storage and kitchenware categories.

My budget is only `886`, but I have a voucher with the following rules:
1. The voucher only applies to the products from the same shop.
2. It is valid only when the total price of the products exceeds `325`.
3. It provides a fixed discount of `146`.",3,Voucher:3
"Find padlocks from amerilock in the 30mm color family, with LazMall service, priced between 44 and 152 PHP, and door security type as padlocks.",3,Product:3
"Find a shop on LazMall that sells a smartphone with a 6000 mah lithium polymer battery, model realme 14 pro plus 5g, GPS feature, triple cameras, 1080p video, 32 mp front camera, OLED display, and costs over 23728 PHP. Also, the shop should offer another mobile with green color, 6.7-inch screen, Android OS, 4G network, 1080p video, 13 mp rear camera, single camera setup, GPS, dual SIM slots, IPS LCD screen, and price above 1222 PHP. Lastly, the shop should have a phone running Android, 5000 mah battery, IPS LCD display, 4gb RAM, 260 ppi pixel density, 8 mp selfie camera, Infinix brand, 48 mp back camera, and priced over 5123 PHP.",3,Shop:3
"I'm looking for a shop that sells these items: First, a phone case for iPhone in black, with a dirt-resistant feature, LazMall service, and priced between 193 and 334 pesos. Second, a black silicone earphone case for Marshall Minor III. Third, a red earphone case for Marshall Motif ANC that supports cash on delivery and costs between 130 and 424 pesos. Lastly, a phone case compatible with iPhone 12, in a case color, with a pattern theme, and priced above 100 pesos. Please show me shops offering these products.",3,Shop:3
"Find a shop offering multiple items, including: a clear polypropylene (pp) packaging plastic with cash on delivery and price above 7 PHP; a casual style plastic labo sized 20x30; a blue jumbo plastic bag; and a white peach colored medium plastic bag for all occasions with LazFlash promo and price over 92 PHP. Only show shops selling all these types of products.",3,Shop:3
Show me chisel accessories where the price is above 65 PHP.,3,Product:3
"Find a shop that sells a wireless network printing photo printer with 11-20ppm speed, USB compatibility, LazMall perks, free shipping, and costs over 41 PHP; a Bluetooth shipping label printer with 3000-4000 power usage, universal plug, and priced above 27 PHP; and a pack of 500pcs address label stickers made of plastic, multi-use/removable, with LazMall benefits, and priced between 38 and 177 PHP.",3,Shop:3
"Show me bar soap for normal skin with antibacterial benefits, sold as a single piece, 113g size, and priced from 55 to 127 pesos.",3,Product:3
"I'm looking for a cutting mat in A4 size with the color red, and also a PVC plastic sign in A4 size that warns against blocking someone's driveway.

My budget is only `764`, but I have a voucher with the following rules:
1. The voucher only applies to the products from the same shop.
2. It is valid only when the total price of the products exceeds `561`.
3. It provides a fixed discount of `214`.",3,Voucher:3
"Find dry dog food products. First, look for the one with the original variant for 10kg. Next, search for TOPBREED options in 20kg, 5kg, or 1kg sizes that have a meat flavor and come with complimentary shipping.

My budget is only `572`, but I have a voucher with the following rules:
1. The voucher only applies to the products from the same shop.
2. It is valid only when the total price of the products exceeds `664`.
3. It provides a fixed discount of `198`.",3,Voucher:3
"Show me battery chargers with LazFlash deals, priced above 46 PHP, in the scooter accessories category.",3,Product:3
"Looking for a shop offering both a square-shaped stainless glass unisex wristwatch with a pearl strap, water resistance up to 30 meters, Japanese movement, and priced above 292 PHP, as well as a round kids' watch with a bee-colored pearl strap, costing more than 274 PHP. Both should be in the watches category.",3,Shop:3
"Find shops offering both a soft cotton roll (single pack, costs over 17 pesos) and an abdominal binder. Show only stores that carry both items.",3,Shop:3
"I'm looking for a display shelf made of wood, a TV cabinet with open storage, and another TV cabinet with two tiers. Can you help me find these furniture pieces?

My budget is only `17975`, but I have a voucher with the following rules:
1. The voucher only applies to the products from the same shop.
2. It is valid only when the total price of the products exceeds `10263`.
3. It provides a fixed discount of `2614`.",3,Voucher:3
"I'm looking for some cookware items. First, a 4-piece non-stick set from boreine that comes with free delivery. Next, a 30cm deep frying pan that's compatible with halogen cooktops. Lastly, a 16cm saucepan with a glass lid, suitable for gas stoves. Can you help me find these?

My budget is only `4141`, but I have a voucher with the following rules:
1. The voucher only applies to the products from the same shop.
2. It is valid only when the total price of the products exceeds `533`.
3. It provides a fixed discount of `195`.",3,Voucher:3
"Looking for a kids t-shirt in color 04, size 110, perfect for summer, made from polyester, suitable for everyday wear, with a round neckline, cartoon print, and from the oem brand.",3,Product:3
"Find a pink cotton swab dispenser from oem with LazFlash deals; also, show cotton school socks for kids aged 6-10, made of cotton, unisex, model #yenyenlulu, suitable for school uniforms, wearable in all seasons, and comes with free shipping; plus, look for a cordless angle grinder (48V, 125mm) from oem tools, with 2 batteries, a case included, and designed for metal work.

My budget is only `2534`, but I have a voucher with the following rules:
1. The voucher applies to all products.
2. It is valid only when the total price of the products exceeds `2171`.
3. It provides a percentage discount of `26%` with a cap of `1303`.",3,Voucher:3
"Find a shop offering these items: First, a large-sized motorcycle riding jersey priced above 41 PHP. Second, a graphic print short sleeve polo in size large (int:l) for over 73 PHP. Third, a small-sized motorcycle riding jersey with LazMall service, priced between 66 and 132 PHP.",3,Shop:3
Looking for a silver handle grip compatible with universal motorcycles that comes with complimentary shipping.,3,Product:3
"Looking for moisturizing lotion from Palmer's, a body or foot powder that supports cash on delivery and LazFlash deals, and a hydrating shampoo.

My budget is only `777`, but I have a voucher with the following rules:
1. The voucher only applies to the products from the same shop.
2. It is valid only when the total price of the products exceeds `553`.
3. It provides a fixed discount of `135`.",3,Voucher:3
"Show me Kawasaki motorcycle parts that come with free delivery and support cash on delivery, specifically those with a change gear pedal. Also, I'm looking for car headlight bulbs with an h1 socket, white color, from lupuauto, and free shipping included.

My budget is only `773`, but I have a voucher with the following rules:
1. The voucher applies to all products.
2. It is valid only when the total price of the products exceeds `106`.
3. It provides a percentage discount of `45%` with a cap of `83`.",3,Voucher:3
Show me white table racks costing more than 33 pesos.,3,Product:3
"Find a shop offering both a garden hose with a hose water component and a foldable toilet safety frame in the upgrade version color, priced above 886 PHP.",3,Shop:3
"I'm looking for an armygreen nylon radio pouch with an adjustable strap and lightweight design, a set of slip-resistant wave hangers for laundry, and a children's 3D puzzle building blocks toy in color e.

My budget is only `169`, but I have a voucher with the following rules:
1. The voucher applies to all products.
2. It is valid only when the total price of the products exceeds `34`.
3. It provides a fixed discount of `9`.",3,Voucher:3
Show me green vegetable seeds with LazFlash deals in the cabbage category.,3,Product:3
"I'm looking for a shop that sells these items: First, a pair of denim pants with a high-rise waist, made from denim fabric, and comes with free shipping. Second, stretchable high-waist denim pants in black, full length, available in waist size 40, with LazMall service, and priced between 99 and 390 pesos. Third, a lace bolero top in black and white, featuring embroidery, pull-over style, and costs more than 282 pesos. Lastly, blue denim pants in waist size 38, regular fit, plain pattern, high waist, made of denim, with LazMall service, and priced from 263 to 499 pesos.",3,Shop:3
"Find a shop offering both polyester tape and neck tape products. For the first item, look for white color, non-sticky type, and priced above 15 pesos. For the second, search for pink color, 3/8 inch size, made of cotton, comes with complimentary shipping, and costs between 13 and 138 pesos.",3,Shop:3
"Looking for beading supplies: first, a 10mm semi-precious stone in the jewelry category; second, a pink rubber thread for beading that supports cash on delivery; and third, an 8mm stone beading item with black tourmaline as the main stone.

My budget is only `517`, but I have a voucher with the following rules:
1. The voucher only applies to the products from the same shop.
2. It is valid only when the total price of the products exceeds `252`.
3. It provides a fixed discount of `123`.",3,Voucher:3
"Find a shop offering these items: First, a dark pink android phone with battery capacity below 1000 mAh and priced under 3893 PHP. Second, a black mobile phone priced above 2370 PHP. Third, a white (95% new) android smartphone with 3GB RAM, 32GB storage, single SIM, battery under 1000 mAh, display size between 5 and 5.4 inches, supports cash on delivery, and costs more than 691 PHP. All should be in the mobile phone category.",3,Shop:3
Looking for a toner from psph beauty that costs over 98 pesos.,2,Product:2
Looking for a plastic water bottle with a 64 oz capacity from oem brand,2,Product:2
Looking for a fuel injector that comes with complimentary shipping.,2,Product:2
"Show me cordless vacuum cleaners with 500w power, priced from 17 to 2448 PHP.",2,Product:2
Looking for a casual plush keychain in apricot color with LazFlash deals.,2,Product:2
"Find a shop selling both plastic shoe organizers (2pcs transparent, cash on delivery, price between 9 and 500 PHP) and laundry detergent sheets (hypoallergenic, fresh linen scent, box packaging, eco-friendly, LazFlash deal, price above 11 PHP).",2,Shop:2
"Find a shop offering these items: First, a car camera system under the 'car electronics' category, with 'products only' service and the brand 'oem'. Second, a motorcycle accessory in 'motorcycle parts', colored yellow, suitable for any motorcycle make, from the brand 'oem', and priced above 113 PHP. Third, a scratch repair kit in 'car care', with 'products only' service, brand 'oem', and a price ranging from 75 to 164 PHP.",2,Shop:2
"Find a shop offering both a black metal floor lamp with a swing arm, categorized under chandeliers and priced above 76 PHP, and a folding LED floor lamp for living rooms or bedrooms, featuring a tricolor bulb, made from aluminium, and showcasing vintage filament lighting effects.",2,Shop:2
"I'm looking for a stainless steel furniture bracket in the 10set color, a nitric oxide booster supplement with 120 capsules in capsule form from pslalae, a retro French style women's dress in size L, red color, color block pattern, made of 100% other materials, and a universal motorcycle electrical connector with 5 pin specification.

My budget is only `1079`, but I have a voucher with the following rules:
1. The voucher applies to all products.
2. It is valid only when the total price of the products exceeds `565`.
3. It provides a fixed discount of `246`.",2,Voucher:2
"I'm looking for a 50 meter air column bubble wrap for packaging, a plus size floral midi a-line dress with short sleeves and a collar made from geena fabric, suitable for casual occasions and available with LazFlash deals, a European standard quick coupling for air hose fittings, and a blue canvas shoulder bag in Korean tribal style.

My budget is only `878`, but I have a voucher with the following rules:
1. The voucher applies to all products.
2. It is valid only when the total price of the products exceeds `148`.
3. It provides a percentage discount of `21%` with a cap of `46`.",2,Voucher:2
"I'm looking for books like 'Ang Pinakamahabang Pasko', 'Ang Mahiwagang Bantay ng Bundok Arayat', and 'Vital Signs: Philippine Short Stories on Healing (Paper Back)'. Also, could you show me English-language folktale books from Asia?

My budget is only `1393`, but I have a voucher with the following rules:
1. The voucher only applies to the products from the same shop.
2. It is valid only when the total price of the products exceeds `1889`.
3. It provides a percentage discount of `43%` with a cap of `1544`.",2,Voucher:2
"Find a remote control for Skyworth Android TV with LazFlash deal, a 4-ply 100g Indophil yarn, silver tassel drop earrings for women in color 03 with zircon stones, and a set of two white crystal hair clips with a simple pattern and trendy style.

My budget is only `368`, but I have a voucher with the following rules:
1. The voucher applies to all products.
2. It is valid only when the total price of the products exceeds `276`.
3. It provides a percentage discount of `12%` with a cap of `55`.",2,Voucher:2
"Find products matching these filters: First, brand is smatrul, universal compatibility is required, and the item is available with LazMall services. Second, color is white and plug type is type c. Third, color is black, brand is smatrul, and cash on delivery is an option. Fourth, color is type c, model is wireless doorbell, and the product is offered with both LazMall and LazFlash deals. Focus on categories like remote control, thermometer, smart socket, and doorbell.

My budget is only `2254`, but I have a voucher with the following rules:
1. The voucher only applies to the products from the same shop.
2. It is valid only when the total price of the products exceeds `440`.
3. It provides a percentage discount of `13%` with a cap of `101`.",2,Voucher:2
Looking for a valve core for vehicles priced from 23 to 29 pesos.,2,Product:2
"Show me Carbonara Cup deals with LazFlash promo, priced above 41 PHP.",2,Product:2
Show me neck cream for children that costs more than 2250 PHP.,2,Product:2
"Looking for a shop that offers these items: First, a Honda cylinder head cover gasket from Thailand, priced between 209 and 519 pesos. Second, a Yamaha flyball set for Mio i125, M3, NMAX, or Aerox, from the official LazMall store. Third, a Honda flyball set in black, with a price range of 3 to 457 pesos. Lastly, a genuine piston ring set for Honda TMX155, compatible with the motorcycle model, brand Honda, and priced above 667 pesos. Please show shops selling all these products.",2,Shop:2
"Find shops offering multiple items where: First, an electronics product with a 4m cord, US plug, model electronics, and price above 289 PHP. Second, a high-gain antenna with price ranging from 769 to 1815 PHP. Third, a laptop adapter in the US color family, compatible with Acer, US plug, includes free shipping and cash on delivery, and costs more than 375 PHP.",2,Shop:2
"Find homeappliancesolutions products. First, look for a solar car exhaust fan with power usage of at least 5000 and the same brand. Next, search for a fully automatic foldable washing machine that comes with a washer/dryer stand, supports LazMall services like authenticity guarantee, quick returns, fast shipping, and also allows cash on delivery. Then, look for a kids school bag made of canvas, suitable for both boys and girls, modelled as a kids school bag, and from homeappliancesolutions. Lastly, find a handheld electric cleaning brush from homeappliancesolutions.

My budget is only `4646`, but I have a voucher with the following rules:
1. The voucher only applies to the products from the same shop.
2. It is valid only when the total price of the products exceeds `972`.
3. It provides a fixed discount of `419`.",2,Voucher:2
"I'm looking for a coloring book that comes with a ruler and has free delivery. Also, I need a rear lamp indicator for an ebike or e-trike that fits any model or make. Additionally, I'm searching for a webcam from Logitech that's compatible with Acer devices. Lastly, I want a bag of green potato chips that are available with a special LazFlash deal.

My budget is only `1822`, but I have a voucher with the following rules:
1. The voucher applies to all products.
2. It is valid only when the total price of the products exceeds `609`.
3. It provides a fixed discount of `111`.",2,Voucher:2
"Show me a yamaha motorcycle part from lucali, a basic calculator powered by battery with free shipping, a porcelain soap dish available for cash on delivery, and a premium frezyderm cream sunscreen that's waterproof and regular size.

My budget is only `1662`, but I have a voucher with the following rules:
1. The voucher applies to all products.
2. It is valid only when the total price of the products exceeds `1460`.
3. It provides a percentage discount of `32%` with a cap of `1391`.",2,Voucher:2
"Show me fruity fragrance mists from bath and body works in regular size, and also pink sand playsets that are available with LazMall authenticity and LazFlash deals.

My budget is only `319`, but I have a voucher with the following rules:
1. The voucher applies to all products.
2. It is valid only when the total price of the products exceeds `353`.
3. It provides a percentage discount of `31%` with a cap of `344`.",2,Voucher:2
"I'm looking for three items. First, a battery from solar power products that comes with LazMall's authenticity guarantee and supports cash on delivery. Second, a hair accessory—specifically a metal hair clip or pin in a crown color, with a floral design and no stones, also from LazMall. Third, a pair of women's shoes in beige, size EU 38, suitable for autumn, with a round toe, and available with LazMall, free shipping, and LazFlash deals.

My budget is only `1368`, but I have a voucher with the following rules:
1. The voucher applies to all products.
2. It is valid only when the total price of the products exceeds `722`.
3. It provides a fixed discount of `245`.",2,Voucher:2
"Show me clamps for woodworking that come with free delivery, support cash on delivery, and cost more than 150 PHP.",2,Product:2
"Looking for gate handles made of rubber from Altech, priced above 642 PHP.",2,Product:2
"Looking for a shop offering a pink haakaa brand baby nail trimmer, a nail trimmer replacement pad suitable for 3-6 months old and for hand use with a price above 174 PHP, and a silicone baby teether for ages 3 months and up priced between 1013 and 1468 PHP.",2,Shop:2
"Find shops offering books where one is in English, comes with LazFlash for a price above 317 PHP; another has LazFlash and costs between 168 and 304 PHP; and a third includes free shipping.",2,Shop:2
"Find shops offering both a NEW OLYMPIA ES-570ES PLUS 2nd Gen. in TRANSPARENT Casing and an OLYMPIA ELECTRONIC CASH REGISTER w/ FREE 4 PAPER ROLLS, where the first item's price is above 126 pesos and the second item's price is over 8610 pesos. Focus on the cash register category.",2,Shop:2
"Find shops offering these items: 1) A pink knee-length Lolita dress for women, size large. 2) A cyan-blue chiffon blouse for ladies, size 3XL (65-70kg), with short sleeves, round neck, solid color, and available for cash on delivery. 3) A gray A-line knee-length skirt for women, with LazMall service and priced above 42 PHP. 4) A black men's hooded jacket, size 4XL (80-90kg), with graphic print, made of polyester, full sleeves, and priced over 24 PHP.",2,Shop:2
"Find a shop offering both incense sticks and mahjong sets. For the incense, look for wood material, a floral pattern, LazMall service, and a price above 30 PHP. For the mahjong set, search for green color, suitable for ages 14+, interest in learning, and a price range from 97 to 3772 PHP.",2,Shop:2
"Show me plain white baby terno sets for 0-12 months that are available with LazMall and LazFlash perks, and cost over 92 pesos.",2,Product:2
Show me wine-red knit tops for women with a mock neck.,2,Product:2
"Looking for an xl size muscle shirt set in flame orange and navy blue from Moose Gear, priced above 469 pesos.",2,Product:2
"I'm looking for a shop that offers these items: First, a divoom brand speaker in the 'speaker' category, with bluetooth support, alarm clock feature, and priced above 1982 PHP. Second, a divoom 'bag' with a graphic print design, includes a laptop compartment, and costs more than 6440 PHP. Third, a divoom portable speaker that has a built-in battery, is rechargeable, comes with free shipping, and is priced over 3213 PHP. Lastly, a divoom portable speaker with a built-in battery, universal plug, and input voltage of 100-240 volts. Can you help me find a shop that sells all of these?",2,Shop:2
"Find a shop offering bamboo pens with LazMall service and priced above 286 PHP, wooden keychains made of wood with cash on delivery and costing more than 15 PHP, and unisex stainless spoon and fork sets with chopsticks that come with free shipping and are priced over 64 PHP.",2,Shop:2
"I'm looking for a shop that offers several items: First, a saliva ejector tip for stopping bad breath, priced between 50 and 150 pesos. Second, a disposable head or bouffant cap that costs more than 22 pesos. Third, a digital thermometer from Indoplas Elite Japan. Lastly, a dental bib from sure-guard, in a multi-pack. Please show me shops that have all these products.",2,Shop:2
"Find shops offering both an electric lock for doors (category: door locks) priced above 317 PHP, and a wired doorbell with exit button (category: wall & floor safes) that comes with LazMall perks like authenticity guarantee and quick returns, priced between 119 and 442 PHP.",2,Shop:2
"I'm looking for a shop that offers these items: First, a cleaning system with a price from 415 to 1415 pesos. Second, a tactical light in tan color, using LED bulbs, priced between 5974 and 7864 pesos. Third, precision cleaning tools for guns, costing more than 1558 pesos. Lastly, AR15 chamber cleaning pads with a price range of 282 to 1100 pesos. Please show me shops that have all these products.",2,Shop:2
"I'm looking for a stylish hairband, a pair of high-waisted dark blue jeans for women, and a cordless impact wrench set with a lithium-ion battery, LED light, and suitable for working on concrete.

My budget is only `2227`, but I have a voucher with the following rules:
1. The voucher applies to all products.
2. It is valid only when the total price of the products exceeds `3154`.
3. It provides a percentage discount of `43%` with a cap of `2722`.",2,Voucher:2
"Show me pajama sets made from pure cotton, perfect for everyday use, and available with complimentary shipping.

My budget is only `805`, but I have a voucher with the following rules:
1. The voucher applies to all products.
2. It is valid only when the total price of the products exceeds `501`.
3. It provides a percentage discount of `45%` with a cap of `412`.",2,Voucher:2
"Show me a cotton t-shirt in royal blue, size XL, with LazFlash deals; a thermal printer that prints 11-20 pages per minute, supports USB, and works as a thermal printer; and a women's necklace featuring cubic zirconia as the main stone.

My budget is only `579`, but I have a voucher with the following rules:
1. The voucher applies to all products.
2. It is valid only when the total price of the products exceeds `542`.
3. It provides a percentage discount of `17%` with a cap of `138`.",2,Voucher:2
"Show me black back cover phone cases with a basic design that are available on LazMall, support cash on delivery, and also display blade cut-off disposal containers for cars from LazMall.

My budget is only `228`, but I have a voucher with the following rules:
1. The voucher applies to all products.
2. It is valid only when the total price of the products exceeds `224`.
3. It provides a percentage discount of `25%` with a cap of `168`.",2,Voucher:2
"Show me dekes brand pellet machines with platform feeder type, available on LazFlash deals, priced from 6165 to 31440 PHP.",2,Product:2
"Find shops offering welding helmets that meet these criteria: For one item, it should be an arc-type welder from OEM, available with LazMall benefits. Another should be suitable for metal work and cost over 48 PHP. A third should be for ceramic use and come with free shipping. Lastly, look for an arc-type OEM helmet in the welding helmet color family, with LazFlash deals and priced above 71 PHP.",2,Shop:2
"I'm looking for a shop that offers a variety of products. First, I want a chainsaw that uses stick-type power tools, is corded, and is a chain saw. Next, I need a knapsack mist duster from Japan with a price above 4724 pesos. Also, I'm interested in an orange chainsaw with a price range between 8544 and 31082 pesos. Lastly, I want a chainsaw for outdoor use, specifically in the chainsaws category, priced between 5758 and 19574 pesos.",2,Shop:2
"Looking for a stainless steel water heater hose that's 80cm long. Also need a dark grey laptop sleeve for 15-inch or larger Asus, HP, Dell, Acer, or Lenovo laptops, and it should support cash on delivery. Additionally, searching for an Asus-compatible wall charger with a 1.8m cable for Asus laptops.

My budget is only `663`, but I have a voucher with the following rules:
1. The voucher only applies to the products from the same shop.
2. It is valid only when the total price of the products exceeds `108`.
3. It provides a percentage discount of `49%` with a cap of `101`.",2,Voucher:2
Find specialty electrical tape with a price above 26 PHP in the tape category.,2,Product:2
"Show me Toyota back door buffer pads with LazFlash deals, priced from 101 to 430 PHP.",2,Product:2
"Looking for a black men's digital watch with a stopwatch function, mineral glass dial, made in Japan, and priced above 1592 PHP.",2,Product:2
Show me blue phone cases for tecno camon 40 pro 5g that cost over 159 PHP.,2,Product:2
"I'm looking for a shop that offers these items: First, organic baby wipes in a 10-piece pack, fragrance-free and gentle for sensitive skin, universal model, from fiio fashion (ph), priced between 18 and 55 pesos. Second, white household tissue in a carton pack, also from fiio fashion (ph), fsc certified and with anti-bacterial properties. Third, an electric mosquito repellent liquid with heater, 1 piece, safe for babies and pregnant women, priced between 7 and 18 pesos. Please show shops that have all these products.",2,Shop:2
"I'm looking for a shop that offers these items: First, a shower curtain with design #81, length between 160cm and 300cm, a holiday-themed pattern, made of polyester, model is shower curtain, and costs more than 31 PHP. Second, a shower curtain with an animal print pattern, made from polyester, model is shower curtain, and priced between 79 and 249 PHP. Third, a shower curtain in color family #84, model is shower curtain, and price above 12 PHP. Lastly, a bath mat in color family #3, hollywood style, made of flannel, type is bath mat, and price between 18 and 55 PHP.",2,Shop:2
"I'm looking for a shop that sells these three items: First, a blue hand grip strengthener that supports cash on delivery and costs more than 72 pesos. Second, a pair of sports knee pads in medium size, suitable for both elbow and knee use, priced between 20 and 74 pesos. Third, a black safety lock for children, specifically a lock type, with a price range of 41 to 82 pesos. Please show me shops offering all these products together.",2,Shop:2
"Looking for a shop offering both a blue car spray handle with complimentary shipping, and a set of Honda engine oil drain gaskets (20 pieces) priced between 11 and 66 PHP.",2,Shop:2
"I'm looking for a liquid single item product, a gold bond anti-aging lotion with LazFlash deals, a gold bond dermacare cream for moisturizing in cream color, and a denture reliner. Please show me options matching these details.

My budget is only `2833`, but I have a voucher with the following rules:
1. The voucher only applies to the products from the same shop.
2. It is valid only when the total price of the products exceeds `2039`.
3. It provides a percentage discount of `45%` with a cap of `1177`.",2,Voucher:2
"I'm looking for men's sandals in orange, size 40-41 (fits 39-40 feet), made of plastic and non-leather, with a plain design and sporty street style. Also, I want men's black running sneakers in size 43, made from PU material. Lastly, I'm interested in women's black sunflower slippers made of PVC, suitable for all seasons, from 2024, and available with cash on delivery. Please show me these products.

My budget is only `303`, but I have a voucher with the following rules:
1. The voucher only applies to the products from the same shop.
2. It is valid only when the total price of the products exceeds `189`.
3. It provides a percentage discount of `36%` with a cap of `90`.",2,Voucher:2
"Show me LazMall kitchenware with a 100% authenticity promise, 15-day easy returns, and 7-day shipping. Also, find trivets made of lace fabric with a floral design, and flatware sets crafted from stainless material, also available with LazMall's trusted services.

My budget is only `512`, but I have a voucher with the following rules:
1. The voucher only applies to the products from the same shop.
2. It is valid only when the total price of the products exceeds `145`.
3. It provides a fixed discount of `65`.",2,Voucher:2
"I'm looking for a white shoe rack that's stackable for organizing shoes. Also, I want a black car bumper guard from mogee with LazMall service. Additionally, I'm searching for women's black leather slider sandals, size EU 40, with a plain design, slip-on closure, made in 2024, and available for cash on delivery.

My budget is only `314`, but I have a voucher with the following rules:
1. The voucher applies to all products.
2. It is valid only when the total price of the products exceeds `229`.
3. It provides a fixed discount of `42`.",2,Voucher:2
"Looking for a brushless electric drill control board for woodworking or electrical projects in the power tools category.

My budget is only `132`, but I have a voucher with the following rules:
1. The voucher applies to all products.
2. It is valid only when the total price of the products exceeds `28`.
3. It provides a percentage discount of `50%` with a cap of `19`.",2,Voucher:2
Show me white photo printers priced above 739 PHP.,2,Product:2
Show me large straw tote bags in creamy white with a price above 83 PHP.,2,Product:2
"Looking for a wide brim sun hat made of polyester, with a lace design, and available in one size fits all.",2,Product:2
I'm looking for a coupling type pneumatic connector for air hose fittings.,2,Product:2
"Find shops offering these items: First, a tire inflator air compressor priced above 837 PHP. Second, an air compressor tire inflator that supports cash on delivery and costs more than 2948 PHP. Third, a tire gauge available with cash on delivery. Lastly, a tire gauge with free shipping, priced from 197 to 543 PHP. All products should be from the same shop.",2,Shop:2
"Find a shop that sells a lipstick with type nr02 and LazFlash promotion, a frying pan made of stainless steel with a non-stick feature, rustic style, and priced between 231 and 661 PHP, a cleaver knife set with free shipping, cash on delivery, and price above 84 PHP, and a pair of socks made from cotton, casual style for men, costing more than 64 PHP.",2,Shop:2
"Find shops offering both a 1.5 liter food container and a jar-form pet treat for cats and dogs, with the pet treat priced from 74 to 142 pesos.",2,Shop:2
"Find perfume items, one with LazFlash promo, named Ocean Blue Scent Lab 50ml, and another called Girl over Flower Scent Lab 50ml.

My budget is only `466`, but I have a voucher with the following rules:
1. The voucher only applies to the products from the same shop.
2. It is valid only when the total price of the products exceeds `233`.
3. It provides a fixed discount of `67`.",2,Voucher:2
"Looking for a men's adjustable gold bangle with no gemstone, free delivery, and LazFlash deal. Also searching for a green glow-in-the-dark tape, size 3cm by 3m, made with polyurethane adhesive, model verly.

My budget is only `84`, but I have a voucher with the following rules:
1. The voucher applies to all products.
2. It is valid only when the total price of the products exceeds `70`.
3. It provides a percentage discount of `29%` with a cap of `51`.",2,Voucher:2
"I'm looking for an Avengers surprise toy and candy set, a large plastic storage cabinet for clothes made from polypropylene, and a 210ml bottle of Good Life sesame oil that can be kept in a cupboard. Please show me options for toys, storage cabinets, and sesame oil matching these details.

My budget is only `966`, but I have a voucher with the following rules:
1. The voucher applies to all products.
2. It is valid only when the total price of the products exceeds `619`.
3. It provides a fixed discount of `295`.",2,Voucher:2
Show me building blocks for kids aged 8+ that come with LazFlash deals and cost over 35 pesos.,2,Product:2
Looking for a clutch hub set for a Motorstar bike.,2,Product:2
"Find a shop offering these items: First, an acoustic guitar equalizer with tuner, model attributes_model, and available with LazMall services like authenticity guarantee and quick returns. Second, a piezo guitar bridge pickup for Les Paul in chrome color, model attributes_model, with LazFlash deals and priced between 495 and 5505 PHP. Third, a guitar tool for cleaning, supporting cash on delivery, and costing more than 603 PHP.",2,Shop:2
"Find a shop offering a round Seiko 5 watch with a black dial, branded and authentic, supports cash on delivery, and costs over 536 PHP. Also, look for a round, gold Seiko 5 watch with a silver color, waterproof feature, automatic movement from Japan, 38mm dial, for women, and branded and authentic. Additionally, search for a pink kids umbrella with a classic style, suitable for all seasons, and priced above 19 PHP.",2,Shop:2
"I'm looking for a shop that offers these items: 1) Trouser pants and a semi crop top blazer for women, available in sizes small to large, with a lapel collar; 2) A plain black oversized blazer for women, in 3XL, regular fit, suitable for formal occasions, and priced between 213 and 743 pesos; 3) Plus size jegging pants for women, with LazMall and LazFlash services, and costing more than 28 pesos; 4) Cycling shorts for women in beige, made in China, designed for cycling, with free shipping, cash on delivery, and priced above 5 pesos.",2,Shop:2
"I'm looking for a premium cologne from Avon with an angel blue scent and cash on delivery option, a deodorant cream with a powder fresh fragrance, and a light shade refill foundation from Avon. Can you help me find these products?

My budget is only `472`, but I have a voucher with the following rules:
1. The voucher only applies to the products from the same shop.
2. It is valid only when the total price of the products exceeds `102`.
3. It provides a fixed discount of `28`.",2,Voucher:2
"I'm looking for pet essentials like a dog food bowl, pet diaper, wet wipes, poop bag, alcohol, and a treats container. Also, I want a small dog backpack and harness in a striped pattern, suitable for small breeds. Additionally, I'm interested in resin pins for accessories, especially those with school or university themes that are on special LazFlash deals, as well as pins featuring dog sketches.

My budget is only `931`, but I have a voucher with the following rules:
1. The voucher only applies to the products from the same shop.
2. It is valid only when the total price of the products exceeds `623`.
3. It provides a percentage discount of `46%` with a cap of `386`.",2,Voucher:2
Looking for books about Filipino heroes with around 32 pages.,2,Product:2
"I'm looking for a shop that sells these three items: First, an a-line dress in peach, sleeveless, suitable for any event, and costs more than 36 pesos. Second, a casual floral terno set in nude color, made from challis fabric, and comes with free shipping. Third, a terno for adults and teens in skintone, with LazFlash promotion, and priced above 77 pesos. Can you show me shops offering all these products?",2,Shop:2
"Looking for a shop offering a black spare tire kit and jack for Nissan vehicles, priced above 254 PHP, plus a red right-side taillight for Toyota cars, also over 254 PHP. The taillight should fit the passenger side and be suitable for Toyota models.",2,Shop:2
"I'm looking for a shop that offers these items: First, a serum for sensitive skin that targets post-acne marks, contains retinol, is a single item, classified under dermacare brands, and costs between 71 and 1173 PHP. Second, a gentle retinol cream suitable for all skin types, available with LazMall service, and priced above 536 PHP. Third, a multi-pack of acne wash and spot patches featuring benzoyl peroxide, also from a dermacare brand. Lastly, a tinted liquid sunscreen for the face with SPF50+ protection, waterproof, single item pack, under dermacare, with a price over 1818 PHP. Please show shops that sell these products.",2,Shop:2
"Find a shop offering both a cream-colored skincare set with 50ml volume, whitening benefits, and free shipping, as well as a yellow cooking oil that is vegetarian, organic, costs over 111 PHP, and also comes with free shipping.",2,Shop:2
"I'm looking for a shop that offers these items: First, a light blue, medium-sized gym glove made of fabric, priced between 107 and 157 pesos. Second, a set of natural latex resistance loop bands from AdoreFit, with a price range of 98 to 111 pesos. Third, an adjustable hand grip strengthener with 50kg resistance from AdoreFit, costing between 29 and 99 pesos. Lastly, a 12-piece set of durable nylon shuttlecocks for badminton, available with LazFlash deals and priced above 22 pesos. Please show me shops that have all these products.",2,Shop:2
"I'm looking for a fabric conditioner with a comfort fragrance, antibacterial properties, and an anti-bacterial feature. Also, I need a fabric spray in a bottle from top bright and fabs, with a comfort scent and free delivery.

My budget is only `232`, but I have a voucher with the following rules:
1. The voucher only applies to the products from the same shop.
2. It is valid only when the total price of the products exceeds `154`.
3. It provides a percentage discount of `21%` with a cap of `94`.",2,Voucher:2
"I'm looking for a simple black hairpin with a plain wave design that comes with free shipping. Also, I need a set of grey tire repair patches that are available with LazMall service.

My budget is only `361`, but I have a voucher with the following rules:
1. The voucher applies to all products.
2. It is valid only when the total price of the products exceeds `255`.
3. It provides a percentage discount of `25%` with a cap of `176`.",2,Voucher:2
"Looking for an organic cooking sauce from China, imported brand, with a 7-day guarantee.",2,Product:2
Show me violet microphone cables from ftstar trading corp that are available with LazMall perks and cost more than 6 pesos.,2,Product:2
"Looking for a standard mahjong table in the table only color option, with LazMall perks like guaranteed authenticity and quick returns.",2,Product:2
"Show me flowers seeds in 2bag color family with LazFlash deals, priced above 83 PHP.",2,Product:2
"Looking for a pink wall fan with 5 blades, made of plastic, uses around 23 watts, supports cash on delivery, and costs between 80 to 300 pesos.",2,Product:2
"I'm looking for a shop that sells these items: First, a hoodie in size xxs, color hoodie, with a graphic print design, hooded neckline, and priced above 57 PHP. Second, a hoodie in size 4xl, color show, made of cotton, with long sleeves, casual style, and the shop should offer LazMall services like authenticity guarantee and quick returns, with a price between 106 and 732 PHP. Third, a hoodie in size xxs, color hoodie, hooded neckline, graphic print pattern, model hoodies, and sleeves described as viviga or times of flavor. Please show me shops that have all these products.",2,Shop:2
"Looking for a coffee filter basket accessory with LazFlash deals, a waterproof grey phone case for Samsung Z Flip 3 or 4 from hoce, and a sheer geena fabric kitchen curtain made of polyester.

My budget is only `605`, but I have a voucher with the following rules:
1. The voucher applies to all products.
2. It is valid only when the total price of the products exceeds `204`.
3. It provides a percentage discount of `19%` with a cap of `46`.",2,Voucher:2
"I'm looking for a cabinet handle that's black, modern, and square-shaped, sized 6 inches, specifically for door security and as a cabinet handle. Also, I need a drain cleaning unit with a 10-meter hose, and it should be available with cash on delivery. Lastly, I'm interested in a soldering iron set that comes with a wooden handle and soldering paste.

My budget is only `678`, but I have a voucher with the following rules:
1. The voucher applies to all products.
2. It is valid only when the total price of the products exceeds `104`.
3. It provides a percentage discount of `20%` with a cap of `88`.",2,Voucher:2
Show me wide neck feeding bottle accessories priced from 2 to 55 pesos.,2,Product:2
Show me Honda screws from LazMall that come with free delivery and cost more than 14 pesos.,2,Product:2
Show me moisturizing body wash products that come with free delivery and cost more than 14 PHP.,2,Product:2
"Looking for a tablet with cellular support, a 10 to 10.9 inch screen, type-c features and charging, 13MP rear camera, 6000mAh battery, and priced above 1880 PHP.",2,Product:2
"Find a shop that sells a pink Anker power bank with fast charging, USB Type-C input, and a 10000mAh capacity; an Anker 65W charger with US plug and LazMall authenticity; an aluminium ULANZI mini tripod with base plate mount priced between 519 and 1107 pesos; and an AUKEY universal power bank with 1 port, li-ion battery, universal plug, 10000mAh, compatible with any brand, LazMall service, and priced above 2646 pesos.",2,Shop:2
"I'm looking for a shop that offers these items: First, a casual muscle tee for plus sizes, priced between 99 and 196 pesos. Second, a set of 3 boys' shorts with character-themed prints, suitable for kids up to 7 years old, perfect for casual wear, and costing more than 98 pesos. Third, a unisex t-shirt with a crew neckline, regular fit, casual style, free shipping, and priced above 25 pesos. Lastly, a men's sando tank in a skin tone shade, ideal for summer, made from cotton spandex, casual style, and priced over 54 pesos.",2,Shop:2
"Find shops offering luggage items that match these preferences: First, a dark brown small suitcase with 2 wheels, lightweight, 18 inches, available for cash on delivery and with LazFlash deals. Second, an orange rubber luggage, waterproof, not expandable, priced above 1303 PHP. Third, a maroon 3-piece luggage set made of PVC and plastics, waterproof, not expandable, with 4 wheels that rotate 360 degrees, lightweight, includes free shipping, and costs more than 574 PHP.",2,Shop:2
"Find shops offering veterinary products where one item is in liquid form, supports cash on delivery, and costs over 108 PHP. Another item should be a liquid supplement sold as a single piece. Also, look for a liquid veterinary product and a fenbendazole product for animals.",2,Shop:2
"Find shops that offer plastic cladding ducts priced from 607 to 792 PHP, oil-type vacuum pump oils between 259 and 432 PHP, Midea brand drain hose connectors with LazFlash deals for 39 to 127 PHP, and 650g R32 refrigerants with free delivery priced from 343 to 962 PHP.",2,Shop:2
"Looking for a shop offering electric water heaters. One should have a safety auto shut-off feature, and another should be a white model with installation included and a 2-liter tank.",2,Shop:2
"Show me dance t-shirts in large size with LazFlash deals.

My budget is only `675`, but I have a voucher with the following rules:
1. The voucher applies to all products.
2. It is valid only when the total price of the products exceeds `399`.
3. It provides a fixed discount of `138`.",2,Voucher:2
"Looking for a car sticker with a blood drip design, a premium women's perfume from Spain with a fruity scent and red color, and a pocket-sized book of electrical engineering formulas. The perfume should be oil-based and sold as a single item.

My budget is only `323`, but I have a voucher with the following rules:
1. The voucher applies to all products.
2. It is valid only when the total price of the products exceeds `325`.
3. It provides a percentage discount of `28%` with a cap of `167`.",2,Voucher:2
"Looking for a universal tower extension cord from omni with cables type, supports 100-240 v, and allows cash on delivery. Also searching for a tricycle cover, model volvo. Additionally, need a red motorcycle rear light compatible with honda chopper.

My budget is only `1339`, but I have a voucher with the following rules:
1. The voucher applies to all products.
2. It is valid only when the total price of the products exceeds `810`.
3. It provides a percentage discount of `40%` with a cap of `574`.",2,Voucher:2
"I'm looking for a gas valve wrench in the hand tools category. Also, I need a wire distribution box for 220v that comes with switch covers. Additionally, I'm interested in a red digital meter for testing LED TV backlights, and it should be available with cash on delivery.

My budget is only `486`, but I have a voucher with the following rules:
1. The voucher only applies to the products from the same shop.
2. It is valid only when the total price of the products exceeds `231`.
3. It provides a percentage discount of `25%` with a cap of `165`.",2,Voucher:2
"Looking for usje brand baby wipes, 10pcs pack, priced above 8 PHP.",2,Product:2
Looking for a lightweight bike bottle holder in type 1 color,2,Product:2
"I'm looking for a shop that offers both a white cleaning tool for sink drains with complimentary shipping, and also replacement ear pads for headphones in color 5.0, designed for cable organization, priced above 33 pesos. Please show stores that have both these items in their selection.",2,Shop:2
"I'm looking for a shop that sells both a bike seatpost remote lever kit from the brand oem, and a waterproof black frame or saddle bag for bikes, also from oem, with LazMall service for guaranteed authenticity and easy returns.",2,Shop:2
"Looking for a shop offering these items: First, a fabric conditioner in a single bottle, 1000ml size, with cash on delivery available. Second, fragrance-free baby wipes with aloe vera extract, model wipes, priced between 47 and 109 pesos. Third, a moisturizing antibacterial soap from personal collection, pack of two. Lastly, a magenta conditioner with blooming bouquet scent, single item, also from personal collection. Please show shops that have all these products.",2,Shop:2
"I'm looking for a colorful hair tie accessory, a set of 100 mini hair clips shaped like stars in a glamorous style with cash on delivery, a butterfly hair clip in color 7# made of cloth, and a set of decorative brooch pins with LazFlash deals.

My budget is only `179`, but I have a voucher with the following rules:
1. The voucher only applies to the products from the same shop.
2. It is valid only when the total price of the products exceeds `162`.
3. It provides a percentage discount of `13%` with a cap of `69`.",2,Voucher:2
"Looking for a gradient green keyboard cover from woldone with LazFlash deals, priced between 94 and 176 PHP.",2,Product:2
"Find a shop offering both a waterproof car floor mat for Toyota FJ Cruiser priced above 3046 PHP, and a door central locking relay for Pajero with default services, LazMall authenticity, and a price ranging from 138 to 1143 PHP. Focus on the categories: Car Accessories and Auto Parts.",2,Shop:2
"I'm looking for a shop that sells these items: First, a message board that's small, reversible, and costs over 1060 PHP. Second, a blue beaded bracelet with 8mm beads. Third, a painting kit for adults with a 60x75cm canvas (no frame), frame included, photo size 40*50cm, and available with LazMall service. Lastly, a plain-patterned resin statue for home decor, priced above 468 PHP, and available with LazFlash deals.",2,Shop:2
"Find a shop offering these items: First, a black Realfit phone holder made of aluminum alloy. Second, a Realfit protective case for F2 or F2 Max, priced between 70 and 198 pesos. Third, a Realfit F2 wireless headset with cartoon case, featuring bluetooth (version 5.3), 16 ohm impedance, 5v input, power usage from 1 to 500, universal plug, and costing over 184 pesos.",2,Shop:2
"Looking for boys clothing sets in size 2-3 years (100cm), yellow top, with a shapes-themed design, made from pure cotton, and available with complimentary shipping. Also searching for OPPO phone batteries compatible with models like A5, AX5, A3s, A7, A5s, A12e, A12, A12s, and A31.

My budget is only `293`, but I have a voucher with the following rules:
1. The voucher applies to all products.
2. It is valid only when the total price of the products exceeds `65`.
3. It provides a percentage discount of `34%` with a cap of `60`.",2,Voucher:2
"Looking for a stainless steel lunch box from miniso in color a1, with LazMall service for guaranteed authenticity and easy returns.",2,Product:2
Looking for a motorcycle shift pad rubber cover for Buell 1125R or similar models,2,Product:2
Looking for a black stationary garment rack that supports cash on delivery.,2,Product:2
"Looking for a 3D wooden puzzle in 1pc color, preferably a sailboat model.",2,Product:2
"Find a shop selling both super glue from the Philippines brand and another pack of glue with LazMall authenticity, easy returns, and fast shipping. Category: glue.",2,Shop:2
"Find a shop offering these items: a body brush sold as a single piece for lymphatic care, a premium brand regular-sized castor oil set (fluorescent yellow, castor oil ingredient, price above 534 PHP), a 10g menthol balm from judah premium organics (costing over 98 PHP), and a judah premium organics argan hair oil (argan as main hair oil ingredient).",2,Shop:2
"Looking for a water pump compatible with Hatari fan, suitable for AC10R1 or AC10R2 models, and works with AC220V-240V. Show me spare parts in the water pump category.

My budget is only `210`, but I have a voucher with the following rules:
1. The voucher applies to all products.
2. It is valid only when the total price of the products exceeds `255`.
3. It provides a percentage discount of `32%` with a cap of `254`.",2,Voucher:2
"Show me portable fridges where the color family is style c, the variation is eu, the model matches attributes_model, and the price is above 1447 PHP.",2,Product:2
"Show me Naruto lanyards with design 1, made from polyester, and costing more than 21 pesos.",2,Product:2
"Find dental elastics available with LazMall perks, priced above 10 PHP.",2,Product:2
"Show me blue black car covers with quality variation from LazMall, priced between 371 and 804 pesos.",2,Product:2
"Find a shop that sells car accessories with these: First, a product that comes with LazMall service. Second, a car accessory for Nissan with black 2pcs color, model for nissan, only products service, LazFlash deal, and price from 88 to 298 PHP. Third, a car accessory for Subaru that supports cash on delivery.",2,Shop:2
"Find shops offering these products: 1) Black slip-on shoes for women, size eu:37, color code 529, made of rubber, released in 2023, suitable for casual use, and priced above 35 PHP. 2) Black shoes for men, kids, and adults, size eu:39, with a random design color, priced from 25 to 84 PHP. 3) Boys' formal black shoes, size eu:32, color code 663, crafted from rubber, with a plain pattern, lace-up closure, no decoration, for teens (11-16 years), ideal for school uniforms. 4) Women's blue slippers, size eu:36, made for summer, released in 2022, and priced between 38 and 176 PHP. Show only shops that sell all these items.",2,Shop:2
"I'm looking for a fan blade with a windmill design, a plastic waterproof toothbrush holder that's not wall-mounted, an upper limb rehab device for seniors, and a brass water pipe connector with LazFlash limited-time deals.

My budget is only `551`, but I have a voucher with the following rules:
1. The voucher only applies to the products from the same shop.
2. It is valid only when the total price of the products exceeds `329`.
3. It provides a percentage discount of `33%` with a cap of `119`.",2,Voucher:2
Show me cream color foot care products with free delivery and priced above 12 PHP.,2,Product:2
"I'm looking for a manual razor as a single item, priced above 1 PHP.",2,Product:2
"I'm looking for a shop that offers these items: First, a cordless rotary hammer with a price above 1918 PHP. Second, an inverter welding machine priced between 1983 and 2754 PHP. Third, a rotary hammerdrill that costs more than 335 PHP. Can you help me find a store that sells all of these?",2,Shop:2
"Show me gaming mouse pads in color a2 that support cash on delivery, and also dental fiber kits where the color family isn't specified.

My budget is only `206`, but I have a voucher with the following rules:
1. The voucher only applies to the products from the same shop.
2. It is valid only when the total price of the products exceeds `140`.
3. It provides a fixed discount of `49`.",2,Voucher:2
"Looking for a patch in one size and color family 3.

My budget is only `104`, but I have a voucher with the following rules:
1. The voucher applies to all products.
2. It is valid only when the total price of the products exceeds `139`.
3. It provides a fixed discount of `53`.",2,Voucher:2
"I'm looking for a liquid hand and body wash, 50 ml size, that's free from parabens.",2,Product:2
"Find a shop offering both a waterproof POE network switch with gigabit ethernet and a server memory RAM compatible with X99 motherboards. The switch should support 1000mbps speed and cost over 87 PHP. The RAM should be model 1, available with LazMall benefits like guaranteed authenticity, easy returns, fast shipping, and also support cash on delivery. Show results in the network equipment and computer memory categories.",2,Shop:2
"Find a shop offering these items: a freshwater aquarium product priced above 58 PHP, a liquid fruit fly trap attractant between 45 and 382 PHP, a latch-type edge and corner guard with free shipping, and a poker chip set available for cash on delivery.",2,Shop:2
"Looking for a small tip box without a handle, a wooden coin bank that can be personalized, and a high quality tip box with calendar that comes as a single piece.

My budget is only `368`, but I have a voucher with the following rules:
1. The voucher only applies to the products from the same shop.
2. It is valid only when the total price of the products exceeds `358`.
3. It provides a percentage discount of `44%` with a cap of `286`.",2,Voucher:2
"I'm looking for three products: First, a milk product that helps lower cholesterol and is associated with Dr Eric Tayag. Second, a cholextrol colostrum milk in the 2box variation, also linked to Dr Eric Tayag, that supports heart health. Third, a NeyGold milk supplement for kidney support, high in protein for people with kidney issues, and I'd like it with complimentary shipping. Please show me these items in the milk or supplement category.

My budget is only `2229`, but I have a voucher with the following rules:
1. The voucher only applies to the products from the same shop.
2. It is valid only when the total price of the products exceeds `1187`.
3. It provides a percentage discount of `39%` with a cap of `881`.",2,Voucher:2
"Show me oversized cotton t-shirts in purple, size medium, with a graphic print and round neck, available on LazMall.

My budget is only `168`, but I have a voucher with the following rules:
1. The voucher applies to all products.
2. It is valid only when the total price of the products exceeds `72`.
3. It provides a fixed discount of `16`.",2,Voucher:2
"Find a shop offering these items: First, a lipstick with a matte finish, sold as a single piece, and priced above 14 PHP. Second, another matte lipstick, with a price ranging from 5 to 87 PHP. Third, a sunscreen suitable for any skin type, available with LazFlash deals, and costing more than 13 PHP.",2,Shop:2
"Find shops selling a TV wall mount bracket for TVs between 26 and 80 inches, priced above 326 PHP. Also, look for shops offering a super bright LED flashlight (5000LM) in regular color, with LED bulb type, that comes with both LazMall and LazFlash services.",2,Shop:2
"I'm looking for a round iron side table with a sturdy base, about 46 cm tall and 40 cm deep, that needs assembly. Also, I want a silver camping mug with a collapsible handle, and it should be available for cash on delivery. Please show me options for side tables and camping mugs.

My budget is only `1188`, but I have a voucher with the following rules:
1. The voucher applies to all products.
2. It is valid only when the total price of the products exceeds `360`.
3. It provides a fixed discount of `157`.",2,Voucher:2
"Find shops offering at least these three items: First, a bullet-style security camera with infrared night vision, 3MP resolution, US plug, night mode enabled, and priced above 196 PHP. Second, a 10-meter ethernet cable for POE IP cameras, compatible with Asus devices, LazMall service included, and priced between 191 and 369 PHP. Third, a wireless security camera with 2MP, 64GB storage, US plug, night mode, 12V input, free shipping, and costing more than 720 PHP. Only show shops selling all these types of products.",2,Shop:2
"Show me green coolant for motorcycles and a black exercise notebook with a hard cover and 240 pages.

My budget is only `475`, but I have a voucher with the following rules:
1. The voucher applies to all products.
2. It is valid only when the total price of the products exceeds `233`.
3. It provides a percentage discount of `28%` with a cap of `70`.",2,Voucher:2
"I'm looking for a desktop fan with 6 blades, 10W power usage, and made of plastic; an ignition switch key lock cover for Honda motorcycles, just the product without extra services; and a bird pet supply made from bamboo.

My budget is only `274`, but I have a voucher with the following rules:
1. The voucher applies to all products.
2. It is valid only when the total price of the products exceeds `288`.
3. It provides a fixed discount of `86`.",2,Voucher:2
"I'm looking for a glass door with a door bell feature, and also a glossy herbal hair dye shampoo that can be paid for with cash on delivery. Can you help me find these products?

My budget is only `2244`, but I have a voucher with the following rules:
1. The voucher applies to all products.
2. It is valid only when the total price of the products exceeds `885`.
3. It provides a fixed discount of `173`.",2,Voucher:2
"Looking for chicken drinkers in red with stainless automatic bowls, chicken nipple drinkers with plastic bowls and stainless steel material that are automatic and have LazFlash deals, rabbit water drinkers that are easy to clean and made of plastic, and rubber tubing for automatic rabbit waterers in blue, 10 meters long, with cash on delivery option.

My budget is only `3816`, but I have a voucher with the following rules:
1. The voucher only applies to the products from the same shop.
2. It is valid only when the total price of the products exceeds `3259`.
3. It provides a fixed discount of `893`.",2,Voucher:2
"Looking for bow-colored hair clips or pins without any gemstones, priced above 1 PHP.",2,Product:2
"Find shops offering gold jewelry that include: a necklace with zircon gemstones, a gold ring that's adjustable and priced between 208 and 924 PHP, and a gold pendant necklace made from sterling silver 925 with a quartz crystal as the main stone, plus free shipping.",2,Shop:2
"Find a shop offering multiple products in the boots or shoes category. For the first product, I want black high boots in size EU 44, made of cow leather, suitable for winter, from the brand Fuguiniao, with a price between 35 and 1318 PHP. For the second, look for army green boots in size EU 44, crafted from leather, and available with cash on delivery. The third item should be grey walking shoes in size EU 41, with LazFlash deals. Lastly, I need sand-colored high boots in size EU 41, made of cow leather, waterproof, for winter, with a sport & street vibe, slip-on or pull-on closure, and priced above 127 PHP.",2,Shop:2
"I'm looking for a premium facial moisturizer suitable for all skin types, with moisturizing benefits and niacinamide as a preferred ingredient, sold as a single item. Also, I need a 20-piece set of micro USB charging port connectors, and a white slimming body cream.

My budget is only `456`, but I have a voucher with the following rules:
1. The voucher applies to all products.
2. It is valid only when the total price of the products exceeds `481`.
3. It provides a percentage discount of `47%` with a cap of `398`.",2,Voucher:2
"Show me loose fit mustard pants with a plain design, priced above 63 PHP.",2,Product:2
Looking for grey l shoes bags priced from 4 to 28 pesos.,2,Product:2
"I'm looking for a shop that offers both an overrunning alternator pulley for Toyota vehicles priced between 586 and 1751 PHP, and a Mileseey brand digital coating thickness gauge for cars, with a price above 1651 PHP. Please show me sellers that have both these auto parts available.",2,Shop:2
"I'm looking for a shop that sells baby clothing items matching these: First, a set for baby girls made of knitted cotton, suitable for casual occasions, with a printed design, free size for height, and priced between 37 and 148 pesos. Second, a girls' terno short set in assorted colors, fits kids aged 7 to 9 years, free size, with a nature-themed design, no specific model, for casual wear, available with LazFlash deals, and costs more than 1 peso. Third, a petite baby girls' boxer short terno for ages 0 to 9 months, no model, and priced from 32 to 149 pesos. Please show shops offering all these types of products.",2,Shop:2
"Find shops selling both a brown hardbound journal with 1 piece, 100 pages, LazMall and cash on delivery, priced above 144 PHP, and a black journal type with 1 piece, 80 pages, priced over 141 PHP.",2,Shop:2
"Looking for dermacare soaps with LazFlash deals, especially those with anti-aging benefits and collagen. Also interested in orange bar soap for normal skin that helps with acne and supports cash on delivery. Additionally, want a yellow dermacare soap bundle with a fresh scent and whitening effects.

My budget is only `482`, but I have a voucher with the following rules:
1. The voucher only applies to the products from the same shop.
2. It is valid only when the total price of the products exceeds `216`.
3. It provides a fixed discount of `59`.",2,Voucher:2
"I'm looking for a shop that offers these items: First, a curtain in champagne style with a retro vibe, priced above 286 PHP. Second, a large two-tone tote bag with a monogram pattern and a trendy look, costing between 94 and 1049 PHP. Third, a laptop bag in rose red, made of fabric, waterproof, and priced from 194 to 387 PHP. Can you help me find a store that sells all these products?",2,Shop:2
"Find CCTV cameras and tablets matching these filters: For a wireless security camera, look for 5mp resolution and cash on delivery option. For a tablet, search for gold color, 12+512gb variant, Android OS, 13mp rear camera, battery capacity above 5000mAh, 5v input, and make sure it has both LazMall and LazFlash services. For another CCTV, select indoor & outdoor use, 1080 megapixels, 64gb buy 1 take 1 deal, rechargeable battery, 100-240v input, and CN plug. Lastly, for a bullet-style security camera, choose 3 megapixels, removable battery, 100-240v input, and power usage between 1-500.

My budget is only `1883`, but I have a voucher with the following rules:
1. The voucher only applies to the products from the same shop.
2. It is valid only when the total price of the products exceeds `1407`.
3. It provides a fixed discount of `648`.",2,Voucher:2
"Looking for a blue cartoon-patterned cap for teens, size 4-6 years, and a yellow graphic print t-shirt for kids or teens, size 9-10 years, casual style, unisex, with short sleeves.

My budget is only `254`, but I have a voucher with the following rules:
1. The voucher only applies to the products from the same shop.
2. It is valid only when the total price of the products exceeds `228`.
3. It provides a percentage discount of `47%` with a cap of `144`.",2,Voucher:2
"I'm looking for a power steering hose and a thermostat housing for cars. For the thermostat housing, I need an option that lets me pay with cash when it arrives.

My budget is only `3579`, but I have a voucher with the following rules:
1. The voucher only applies to the products from the same shop.
2. It is valid only when the total price of the products exceeds `2284`.
3. It provides a fixed discount of `927`.",2,Voucher:2
"Show me shower protector products in 2 box size with LazFlash deals, priced above 142 PHP.",2,Product:2
"I'm looking for a medium-sized cat collar made of cotton with a bell, standard leash type, and available for cash on delivery. Also, I want a scuba diving regulator octopus, and a full version of the Noli Me Tangere novel for students that I can pay for upon delivery.

My budget is only `1034`, but I have a voucher with the following rules:
1. The voucher applies to all products.
2. It is valid only when the total price of the products exceeds `221`.
3. It provides a percentage discount of `33%` with a cap of `189`.",2,Voucher:2
"Show me tiger brand stainless steel water bottles with a 350ml capacity and 500 ml size.

My budget is only `2299`, but I have a voucher with the following rules:
1. The voucher applies to all products.
2. It is valid only when the total price of the products exceeds `649`.
3. It provides a percentage discount of `45%` with a cap of `590`.",2,Voucher:2
"I'm looking for a self-adhesive leather repair patch, a sturdy aluminum alloy handlebar mount for GoPro cameras, an English paperback of 'The Secret' by Rhonda Byrne that comes with LazMall, free shipping, and LazFlash deals, and a white enzyme-based stain remover for clothes. Please show me options in each category.

My budget is only `325`, but I have a voucher with the following rules:
1. The voucher only applies to the products from the same shop.
2. It is valid only when the total price of the products exceeds `42`.
3. It provides a percentage discount of `20%` with a cap of `11`.",2,Voucher:2
"I'm looking for some products: First, pink slip-on clogs for kids with a flat sole in 15cm size. Next, a low fat peanut butter spread. Also, a modern wall-mounted wine rack for the living room. Lastly, a foldable bathtub with detachable features, suitable for any age.

My budget is only `3730`, but I have a voucher with the following rules:
1. The voucher applies to all products.
2. It is valid only when the total price of the products exceeds `450`.
3. It provides a fixed discount of `67`.",2,Voucher:2
"Show me universal car headlights with a white light source, free delivery, and priced above 190 PHP.",2,Product:2
"Looking for an eco-friendly air freshener spray with a cotton fresh scent, and also searching for car pillar stickers with a rose graffiti design.

My budget is only `420`, but I have a voucher with the following rules:
1. The voucher applies to all products.
2. It is valid only when the total price of the products exceeds `405`.
3. It provides a percentage discount of `38%` with a cap of `383`.",2,Voucher:2
"Looking for mushroom snacks with chili garlic taste, healthier option, and in a pack; also crispy mushroom bits with bbq flavor; wholesale packs of mushroom chicharon that are halal, in multipack packaging; and a 1 kilo pack of mushroom chicharon with sour cream flavor, organic.

My budget is only `1037`, but I have a voucher with the following rules:
1. The voucher only applies to the products from the same shop.
2. It is valid only when the total price of the products exceeds `1062`.
3. It provides a fixed discount of `478`.",2,Voucher:2
"Looking for skateboard wheels with 54mm size and 85A hardness, a white bamboo fiber queen sheet set that's breathable and comes as a 4 piece set for adults (unisex), a white door lock for security, and black low-cut slip-on ladies shoes in size 40 with a plain design from Sprinter.

My budget is only `4223`, but I have a voucher with the following rules:
1. The voucher applies to all products.
2. It is valid only when the total price of the products exceeds `3220`.
3. It provides a percentage discount of `26%` with a cap of `2060`.",2,Voucher:2
Looking for white cable wraps with a price above 27 PHP. Show me options for cable ties.,2,Product:2
"I'm looking for a shop that sells these items: First, a geometric canvas wall art in 40x50cm without a frame, featuring a Mediterranean vibe, made of canvas, and with a moire pattern. Second, a superhero movie wall art poster in color family pp_10, sized 40x50cm with a frame, with a checkered pattern, in the beach painting category, and priced between 179 and 270 pesos. Third, a kitchen vegetables canvas painting in color family 60x90cm no frame, made of canvas, with a coastal style and a novelty pattern, that comes with LazMall, free shipping, and LazFlash services, and costs more than 7 pesos. Please show me shops offering all these products.",2,Shop:2
"Show me black knee-length cotton linen polo dresses with a v-neck, plain style, and casual vibe. Also, I'm looking for cream plus size romper dresses with a printed pattern and a sexy look. Lastly, find me mauve plus size maxi t-shirt dresses for work, with an embossed design, workwear style, and maxi length.

My budget is only `1077`, but I have a voucher with the following rules:
1. The voucher only applies to the products from the same shop.
2. It is valid only when the total price of the products exceeds `537`.
3. It provides a fixed discount of `191`.",2,Voucher:2
"I'm looking for wall anchor hooks or hangers for organizing hats, a coffee-colored lace hair clip that allows cash on delivery, and a 3D spinning toy that comes with free shipping.

My budget is only `200`, but I have a voucher with the following rules:
1. The voucher only applies to the products from the same shop.
2. It is valid only when the total price of the products exceeds `203`.
3. It provides a percentage discount of `38%` with a cap of `156`.",2,Voucher:2
"Find a shop that sells both basketball shoes made in China with EU size 42, rubber material, free shipping, and price above 270 PHP, and also basketball shoes in EU size 44, yellow color, for basketball activity, with LazFlash deal, and price between 87 and 758 PHP.",2,Shop:2
"I'm looking for a rack end pinion oilseal set for Ford Lynx (1999-2005) and also a big size Japanese yakiniku sauce that's a healthier option, comes in a large pack, and can be paid for with cash on delivery.

My budget is only `3183`, but I have a voucher with the following rules:
1. The voucher applies to all products.
2. It is valid only when the total price of the products exceeds `2068`.
3. It provides a percentage discount of `13%` with a cap of `559`.",2,Voucher:2
"Looking for women's sandals in khaki, size EU 40, made with rubber soles, featuring block heels, and priced under 455 PHP.",2,Product:2
Looking for a silver shower head under 72 PHP with complimentary delivery.,2,Product:2
"Find shops offering a vacuum bag made of pvc, waterproof, with hand pump, priced above 3 PHP, and also selling a bento box with a lid, priced from 42 to 83 PHP.",2,Shop:2
"Find shops offering fabric softener with a white special feature, packaged in plastic bottles, from the franzie brand, in the white color family, priced between 15 and 167 PHP; body massage oil in regular size, sold as a single item, in serene ocean 1 gallon size, for less than 843 PHP; fabric softener from franzie, single pack, priced above 37 PHP; and fabric softener with 3400 volume, single pack, from franzie. Show only shops that sell all these items.",2,Shop:2
Looking for a shop offering both a hot & cold r/b faucet component under 53 PHP and an original carbon block filter cartridge from Pentair. Show stores selling these water dispenser and filter products together.,2,Shop:2
"Find shops offering phone cases that match these criteria: First, a case compatible with Samsung A70, in dark green, priced under 121 PHP. Second, a case for Samsung J6 Plus, pink color, with a fashion style and candy jelly color theme, model samsung j6 plus, includes free shipping, and costs more than 48 PHP. Third, a back cover for Samsung A20S, black color, made from eco-friendly materials, with a candy jelly color and fashion theme, free shipping included, and priced above 59 PHP.",2,Shop:2
"Looking for a black candle set with candleholders in a set, priced under 437 PHP.",2,Product:2
"Show me screen protectors for moto razr 50 that come in a 2-pack, are compatible with my device, include free delivery, and cost under 191 PHP.",2,Product:2
"Looking for a shop offering both a basic polo shirt in matatag str nb-polo color, extra small size, regular fit, short sleeves, basic style, under 602 PHP, and another casual polo shirt in rbluepolo back mttg color, extra large size, regular fit, made of nylon, casual style, under 305 PHP.",2,Shop:2
"Looking for girls' swimwear in navy blue, medium size, with animal-themed designs, made from polyester, suitable for kids aged 6 to 10. Also searching for EU plugs with waterproof features and copper contacts.

My budget is only `293`, but I have a voucher with the following rules:
1. The voucher applies to all products.
2. It is valid only when the total price of the products exceeds `165`.
3. It provides a fixed discount of `51`.",2,Voucher:2
Looking for a black umbrella holder under 984 PHP.,2,Product:2
"Looking for white plus size a-line shorts with an elastic waist, size XL (62.5-75kg), under 142 pesos.",2,Product:2
"Find shops offering a cuff bracelet for women in gold model without any stones, and also selling a couples ring set in gold (for men size 5, women size 10, female gender), both with no stones, available for cash on delivery, and priced above 35 PHP.",2,Shop:2
"Find shops offering these items: First, a sensitive skin serum from elizabeth arden under 17141 PHP. Second, a dry skin capsule set by elizabeth arden priced between 5410 and 10726 PHP. Third, a citrus fragrance eau de toilette in regular size, single item, costing more than 2067 PHP. Fourth, a pink floral body mist in regular size, single item, with cash on delivery available and price above 666 PHP.",2,Shop:2
"Looking for a yellow animal print umbrella with free delivery, a set of stainless steel bicycle handlebar bolts, a green wool steering wheel cover for winter, and a regular flavor chicken pastil caldereta with complimentary shipping.

My budget is only `400`, but I have a voucher with the following rules:
1. The voucher applies to all products.
2. It is valid only when the total price of the products exceeds `165`.
3. It provides a percentage discount of `21%` with a cap of `150`.",2,Voucher:2
Looking for board games under 33 PHP.,2,Product:2
"Find shops offering a disinfectant in plastic bottles with an anti-bacterial feature, 1 gallon pack, and priced above 8 PHP; a powder laundry detergent in a bag with antibacterial properties, anti-bacterial feature, and price over 18 PHP; and a liquid hand soap from pureclean, sold as a single item, in liquid form.",2,Shop:2
Looking for a black tablet holder under 250 PHP?,2,Product:2
"I'm looking for a shop that offers these items: First, a sun protection cream for normal skin that's moisturizing, comes as a single travel-size item, has SPF 51 or higher, is a mass-market brand, and uses a UVA/UVB filter system, all for under 170 pesos. Second, a set of orange-colored anti-frizz shampoo in a pump bottle, regular size, priced above 194 pesos. Third, a spray deodorant mist priced between 124 and 158 pesos. Can you show me shops that have all these products?",2,Shop:2
"Looking for yoga shorts in icedye teal, made of nylon, from China, one size, suitable for cycling and yoga. Also searching for hair clips and pins in design 5#, one size. Need a medium waterproof cosmetic bag. Lastly, want a women's cotton vest in white, v-neck, all size, free size.

My budget is only `131`, but I have a voucher with the following rules:
1. The voucher only applies to the products from the same shop.
2. It is valid only when the total price of the products exceeds `109`.
3. It provides a percentage discount of `41%` with a cap of `77`.",2,Voucher:2
"Looking for a digital receiver TV box and a gsat hd active tv box. Both should be compatible with satellite dishes.

My budget is only `1584`, but I have a voucher with the following rules:
1. The voucher only applies to the products from the same shop.
2. It is valid only when the total price of the products exceeds `1163`.
3. It provides a percentage discount of `49%` with a cap of `746`.",2,Voucher:2
"Find a visor for HNJ 855 fullface and a visor for zebra 152 that comes with complimentary shipping. Focus on the visor category.

My budget is only `971`, but I have a voucher with the following rules:
1. The voucher only applies to the products from the same shop.
2. It is valid only when the total price of the products exceeds `166`.
3. It provides a fixed discount of `29`.",2,Voucher:2
"Find shops offering these products: 1) A yellow wireless mouse for kids, priced above 234 PHP; 2) A pink pig mouse wrist pad, under 125 PHP; 3) A pink wired mouse, USB-powered for computers, with free shipping and costing less than 237 PHP. All items should match the described color and price preferences.",2,Shop:2
"Find a shop offering these items: (1) A laptop cooling fan for Acer Aspire 5, priced between 284 and 1105 PHP; (2) A 4K 60-pin display flex cable for Apple iMac 21.5, with 5 pcs in the color options, US plug type, and price from 120 to 758 PHP; (3) Built-in speakers for Lenovo Rescuer laptops, US plug, free shipping, and under 911 PHP; (4) A 54.6v 2A charger for 48V lithium ebike, color family US plug, for scooter models, and price below 1615 PHP. Show only shops that sell all these electronics.",2,Shop:2
"Find a shop offering both a casual orange nylon crossbody bag with a plain design, supports cash on delivery, and costs under 304 PHP, as well as casual brown rubber slides in size 38-39, comes with free shipping, and is priced below 516 PHP.",2,Shop:2
"Find shops offering both tactical gloves under 299 PHP and a set of 100 transparent plastic ID holders, vertical 70*115mm size, made of plastic, priced above 108 PHP.",2,Shop:2
"Find backpacks in 2blue color, small backpacks in oldrose shade with cash on delivery, backpacks in chocolate#1 color with COD, and handbags or sling bags in x-blue color that come with free shipping.

My budget is only `839`, but I have a voucher with the following rules:
1. The voucher only applies to the products from the same shop.
2. It is valid only when the total price of the products exceeds `299`.
3. It provides a fixed discount of `124`.",2,Voucher:2
"I'm looking for a needle with option dp x 5++ and size 18, a thread stand with 2spool option, a thread rewinder that supports cash on delivery, and a zipper in royal blue color, size #8, with component type zipper.

My budget is only `201`, but I have a voucher with the following rules:
1. The voucher only applies to the products from the same shop.
2. It is valid only when the total price of the products exceeds `151`.
3. It provides a percentage discount of `19%` with a cap of `94`.",2,Voucher:2
Show me induction-compatible non-stick cast iron cookware sets priced above 64 PHP.,2,Product:2
"Looking for a shop offering both a transparent roof panel with dimensions 1.2mm*1.2m*10m priced between 894 and 5729 PHP, and a portable blender with a plastic jug, 5 speed options, and a price under 12229 PHP.",2,Shop:2
"I'm looking for a rack end for Mitsubishi Triton or Pajero Sport, an 8-inch metal sheet cutter or aviation snips, and a black Bolmen toilet brush from Ikea or similar brands.

My budget is only `1312`, but I have a voucher with the following rules:
1. The voucher applies to all products.
2. It is valid only when the total price of the products exceeds `549`.
3. It provides a fixed discount of `66`.",2,Voucher:2
"Looking for a hair clip in the flower stone color family, priced between 15 and 99 pesos.",2,Product:2
"I'm looking for a mop that works without a bucket, specifically a mop type, and costs under 121 pesos.",2,Product:2
"Looking for a shop offering black shoes for kids and ladies. For the first item, I need size EU 36, black color, suitable for children aged 6 to 10, and must support cash on delivery. For the second item, I want black shoes for kids, size EU 28, type should be shoes, and the price should be under 133 pesos.",2,Shop:2
"Find a shop offering these items: First, a blackout curtain for women in avocado green, size 135w*220l(7.2ft), made of polyester fabric, with shade fabric features, and the brand is ashmore. Second, a large 7 pull-out kitchen faucet, type pull out faucets, priced below 2208 PHP. Third, a shower set in starry sky white, with LED temperature sensing finish, brand ashmore, type shower tower & systems, and price above 339 PHP.",2,Shop:2
"Find a shop offering these items: (1) A water pump in the makita color family, made with an aluminum motor shell, categorized under water pumps and sink faucets, available for cash on delivery, and priced above 403 PHP; (2) A set of socket bits for electric power tools, with 1/2"" geared ratchets, costing more than 159 PHP; (3) A cordless impact drill using li-ion batteries, priced under 2951 PHP; (4) A cordless electric drill kit with accessories, featuring a cushioned grip, and priced over 55 PHP.",2,Shop:2
"Looking for a shop offering perfumes where one is a clear color, single piece, and costs under 131 pesos, and another is a regular size, oil-based tester with model 'miris bare vanilla premium tester perfume for women 85ml oil based', priced below 482 pesos.",2,Shop:2
"Looking for a magazine extender in 2pc black, model lc1154, that supports cash on delivery. Also searching for a pink portable electric fan with oscillating feature.

My budget is only `1374`, but I have a voucher with the following rules:
1. The voucher applies to all products.
2. It is valid only when the total price of the products exceeds `998`.
3. It provides a fixed discount of `112`.",2,Voucher:2
"Looking for a brown single-piece car headrest neck pillow, model car headrest neck pillow; also searching for a 3d matte 50 by 50 cm carbon fiber sticker that supports pay on delivery; and need an electrical tape, 1 roll, size 25mm by 15 meters, model electrical tape. Categories: car accessories, sticker, electrical tape.

My budget is only `163`, but I have a voucher with the following rules:
1. The voucher only applies to the products from the same shop.
2. It is valid only when the total price of the products exceeds `28`.
3. It provides a percentage discount of `40%` with a cap of `18`.",2,Voucher:2
"Find shops offering a 'flash drive' with the variation '32gb usb with hirens', brand 'cruzer', and price under 392 PHP; an 'external hard drive' with the variation 'package 4 - pc game', compatible with Windows, input type 'usb type a', model 'toshiba', and price between 71 and 1235 PHP; and a 'usb flash drive' that comes with free shipping and costs less than 630 PHP.",2,Shop:2
"Looking for a white wireless gaming mouse from Fantech with USB connection and 2000 dpi sensitivity, a pearl white coiled cable compatible with most USB-C mechanical keyboards, type-c to usb-a 2.0, 1.5m long, model ac701(new-color), and a pink optical gaming mouse, model vx7 sakura edition, with adjustable sensitivity from 200 to 8000 dpi.

My budget is only `1297`, but I have a voucher with the following rules:
1. The voucher only applies to the products from the same shop.
2. It is valid only when the total price of the products exceeds `964`.
3. It provides a percentage discount of `29%` with a cap of `646`.",2,Voucher:2
"Find shops offering at least two items: First, a ceiling lights model priced above 416 PHP. Second, a pendants type light with dual line tri color family, width up to 4 inches, tri-color bulb, priced from 300 to 963 PHP, with both free shipping and cash on delivery available.",2,Shop:2
"Find shops offering baby shoes that match these: First, white lace boat shoes for 0-6 months with a round toe, free shipping, and under 84 PHP. Second, white socks leather baby shoes for 0-6 months. Third, wide fit blue sandals with hook and loop closure, size 12cm for 6-12 months, priced below 200 PHP. Lastly, gold mary jane sandals for baby girls, size 11cm (0-6 months), under 56 PHP.",2,Shop:2
"I'm looking for a kawaii handbag made of cotton in the cinnamon withstrap b color, from the Sanrio brand, that supports cash on delivery. Also, I want a unisex toy set with 20 pieces and free shipping. Lastly, I'm searching for men's shorts in size L, khaki color, with a plain pattern, made of polyester, from Incerun.

My budget is only `544`, but I have a voucher with the following rules:
1. The voucher applies to all products.
2. It is valid only when the total price of the products exceeds `124`.
3. It provides a percentage discount of `13%` with a cap of `116`.",2,Voucher:2
"I'm looking for a camshaft oil seal made for Toyota vehicles, a set of heavy-duty multi-purpose pliers (including combination and diagonal cutting types) from Wadfow, models wpl1778 or wpl3778, and a silver-colored chain necklace by Aurora, crafted from platinum with no gemstones.

My budget is only `454`, but I have a voucher with the following rules:
1. The voucher applies to all products.
2. It is valid only when the total price of the products exceeds `268`.
3. It provides a fixed discount of `123`.",2,Voucher:2
"Find women's shoes in black, size EU 38, made from non-leather material, with a round toe design, by Shoecents, and priced under 862 PHP.",2,Product:2
"Find a shop offering these items: First, a wiremax brand duplex solid wire, size 14/2 (1 meter), priced below 70 pesos. Second, an FSL LED ceiling lamp, 18w color family, width 4 inches or less, white bulb color, price between 209 and 550 pesos. Third, a jetmatic type water pump made of cast iron, model nova009, dark green finish, water-saving feature, price above 4 pesos.",2,Shop:2
"Find a shop offering these items: First, kraft paper sheets for an anniversary gift, priced under 262 PHP. Second, natural jute rope suitable for sewing crafts, with a price between 41 and 139 PHP. Third, a vintage-style jute envelope in design B, size 5x7 inches plain, categorized as a paper envelope, with free shipping and costing more than 10 PHP.",2,Shop:2
"I'm looking for a pink adult rashguard in 2xl size, made from nylon spandex, with 1 piece per pack and made in the Philippines. Also, I need a set of 100 pink latex balloons for parties, suitable for any gender, from the King Star brand, model Thailand balloons. Lastly, I'm searching for a 15mm cooker lid knob, specifically for pressure cookers, that comes with free shipping.

My budget is only `300`, but I have a voucher with the following rules:
1. The voucher applies to all products.
2. It is valid only when the total price of the products exceeds `143`.
3. It provides a fixed discount of `58`.",2,Voucher:2
"I'm looking for a pair of jms brand safety shoes in size eu 41. Also, I need a uni-t digital meter, specifically the ut33a+ model. Additionally, I'm searching for an orange back cover phone case with a solid theme, compatible with apple iphone 11 pro, and fits models like iphone 13 pro max, 12, 11 pro, x, xs, and xr max. Lastly, I want a cutting tool set for glue removal.

My budget is only `1223`, but I have a voucher with the following rules:
1. The voucher applies to all products.
2. It is valid only when the total price of the products exceeds `1779`.
3. It provides a percentage discount of `44%` with a cap of `1628`.",2,Voucher:2
"Looking for pink slippers in size EU 39-40 with a simple design, priced between 142 and 287 pesos.",2,Product:2
"Show me white cotton buds for newborns, suitable from birth, with a pack containing 200 slim tips, and priced above 15 pesos.",2,Product:2
"Show me oem brand floor fans that are 20 inch in size, use between 1000 and 2000 watts, and cost more than 968 PHP.",2,Product:2
"Looking for hoop earrings made of platinum with zircon as the main gem, includes 1 piece as described in the package, and available with pay on delivery option.",2,Product:2
"Find a men's vest in blue, size 3XL, with a hooded neckline, pullover style, suitable for summer; an air conditioner safety valve adapter; and a kitchen detergent in a single 600ml bottle, orange or fruity scent, hypoallergenic, with free shipping.

My budget is only `218`, but I have a voucher with the following rules:
1. The voucher applies to all products.
2. It is valid only when the total price of the products exceeds `291`.
3. It provides a percentage discount of `50%` with a cap of `238`.",2,Voucher:2
"I'm looking for a bottle of Datu Puti brand patis and a silicone phone case that's compatible with Samsung devices, especially for Note 8, made from plain silicone material.

My budget is only `123`, but I have a voucher with the following rules:
1. The voucher applies to all products.
2. It is valid only when the total price of the products exceeds `41`.
3. It provides a percentage discount of `49%` with a cap of `38`.",2,Voucher:2
"Looking for a screen protector for matepad se 10.4 that comes as a single piece and fits tablets?

My budget is only `264`, but I have a voucher with the following rules:
1. The voucher applies to all products.
2. It is valid only when the total price of the products exceeds `127`.
3. It provides a percentage discount of `18%` with a cap of `40`.",2,Voucher:2
"I'm looking for a silver volleyball medal with the model pvm, a green crystal pendant necklace with crystal gemstone, a pet bath brush from the xzs series, model xzs001, weighing 100g, and a digital multimeter.

My budget is only `1258`, but I have a voucher with the following rules:
1. The voucher applies to all products.
2. It is valid only when the total price of the products exceeds `365`.
3. It provides a fixed discount of `116`.",2,Voucher:2
"Show me funnel products with a 50mm size and specialty type funnel.

My budget is only `139`, but I have a voucher with the following rules:
1. The voucher applies to all products.
2. It is valid only when the total price of the products exceeds `83`.
3. It provides a percentage discount of `18%` with a cap of `45`.",2,Voucher:2
"I'm looking for plastic gloves made of plastic, a black kids t-shirt in size 16 with a shirt collar, cotton fabric, short sleeves, and free shipping, a lace flower love bb clip hair accessory with cash on delivery, and a tourmaline full moon blessing bracelet featuring tourmaline and jade as the main stone.

My budget is only `213`, but I have a voucher with the following rules:
1. The voucher applies to all products.
2. It is valid only when the total price of the products exceeds `135`.
3. It provides a fixed discount of `32`.",2,Voucher:2
Looking for a plastic sink strainer basket priced from 39 to 102 pesos.,2,Product:2
"Find shops offering packaging tape where one product has 200m length, 12 rolls per pack, and costs under 48 pesos, and another product comes as 6 rolls sized 48mm x 200m, with clear tape type.",2,Shop:2
"Find shops offering flat shoes with these details: First, size US 7, color bone, suitable for all seasons. Second, size US 12, color white, round toe, made for spring 2025, and priced under 498 PHP. Third, size US 9, maroon color, round toe, casual use, created in 2024, for all seasons, and under 518 PHP.",2,Shop:2
"I'm looking for a plush doll keychain of labubu in green, which is a bunny suitable for kids aged 6 to 8, and it should come with complimentary shipping. Also, I want a single piece of a fraternal eagles car sticker that allows payment by cash when delivered. Lastly, I'm searching for a 30g pack of dog dental treats in pumpkin flavor, shaped like sticks, that help with dental and breath health.

My budget is only `260`, but I have a voucher with the following rules:
1. The voucher applies to all products.
2. It is valid only when the total price of the products exceeds `202`.
3. It provides a percentage discount of `29%` with a cap of `179`.",2,Voucher:2
"Show me salmon oil for pets with heart health benefits, dog allergy supplements that support skin and coat, anti-allergy powder for dogs of any age with skin and coat benefits, and probiotics for dogs of all sizes and ages that help with sensitive digestion.

My budget is only `1138`, but I have a voucher with the following rules:
1. The voucher only applies to the products from the same shop.
2. It is valid only when the total price of the products exceeds `1485`.
3. It provides a percentage discount of `39%` with a cap of `1148`.",2,Voucher:2
Looking for baby wall stickers with a price ranging from 13 to 112 PHP.,1,Product:1
"Looking for men's workout shoes in size US 12, smoke grey color, made with mesh material, and priced above 233 PHP.",1,Product:1
"Find organic coffee beans from the Philippines with a special houseblend flavor, model special houseblend, in a resealable pouch packaging, suitable for organic dietary needs, and available with LazFlash deals. Price should be between 138 and 265 PHP.",1,Product:1
"Looking for green corduroy seat covers for Suzuki Celerio, priced from 970 to 2537 PHP.",1,Product:1
"I'm looking for a shop that offers both of these items: First, a penlight in the flashlight category, priced above 544 PHP. Second, another penlight, also in the flashlight category, with an LED bulb type and a price over 727 PHP. Can you help me find a store that sells both?",1,Shop:1
"Find shops offering these items: (1) baby boy outfit in the 'shoes' color family, for males, made from a cotton-polyester blend, suitable for ages 0-18 months, with a plain design, and priced above 38 PHP; (2) headband in the 'no.1' color family, from the brand oem, priced between 71 and 130 PHP; (3) baby hat made of polyester, fits 0-18 months, free size, with a christening theme, and costs more than 1 PHP; (4) kids' fake nails in color c27, priced from 35 to 176 PHP. Show only shops that sell all these product types.",1,Shop:1
"Find shops offering multiple items, specifically: a men's cotton streetwear t-shirt, medium size, with a printed design, o-neck, short sleeves, and priced above 159 PHP; a unisex cotton t-shirt, 2XL, printed, short sleeves, and over 42 PHP; a loose-fit unisex cotton t-shirt, medium, casual style, short sleeves, free shipping, and price above 229 PHP; and a casual cotton t-shirt, 2XL, o-neck, short sleeves, priced between 230 and 378 PHP. All products should be from the t-shirt category.",1,Shop:1
"Show me hair cream with LazFlash deals, at least 100ml, delivery in 2 to 4 days. Also, find whitening bar soap for all skin types, and antiperspirant powder for kids sold as single items, available with cash on delivery.

My budget is only `148`, but I have a voucher with the following rules:
1. The voucher only applies to the products from the same shop.
2. It is valid only when the total price of the products exceeds `201`.
3. It provides a percentage discount of `47%` with a cap of `97`.",1,Voucher:1
"Find a manual air flow control valve. Also, show me a 1 meter USB charging cable for iOS or Android that supports cash on delivery and has a LazFlash deal. Lastly, I'm looking for a grey propeller holder for DJI Mini drones.

My budget is only `227`, but I have a voucher with the following rules:
1. The voucher applies to all products.
2. It is valid only when the total price of the products exceeds `195`.
3. It provides a fixed discount of `31`.",1,Voucher:1
"Show me men's sandals in size EU 43, color twist, with a plain pattern and casual style, available with LazFlash deals.",1,Product:1
Looking for a metal earphone holder that can support up to 10 kg and is priced between 39 and 152 PHP.,1,Product:1
"Show me women's shorts in medium size, color white, perfect for summer, priced from 220 to 672 PHP.",1,Product:1
"Looking for 20 pieces of coffee-colored hair clips and pins without any stones, priced above 3 pesos.",1,Product:1
"Looking for men's sneakers in black and white, size EU 40, with a plain design and low-cut style. Prefer sporty and streetwear vibes, sports sneaker type, and want to see only LazFlash deals.",1,Product:1
"Looking for a green electric pressure washer from ome brand with a pressure washer feature, priced between 25 and 66 PHP.",1,Product:1
"Find a shop offering these items: First, a pressed powder in the cream color family, priced above 105 PHP. Second, an oxidizing lotion in cream form with 12% variation, available with LazMall perks, and costing more than 14 PHP. Third, a pressed powder with SPF between 11 and 20, sold as a single item, and priced from 30 to 329 PHP.",1,Shop:1
"Find a shop offering both a wall-mounted kitchen cabinet priced above 410 PHP and an Intel 14-inch gaming laptop (official standard version) with LazMall perks, priced from 79 to 1126 PHP.",1,Shop:1
"Find shops offering motorcycle stickers where one product is sized 24cm, comes in blue, fits any motorcycle brand, and costs over 45 pesos. Also, look for another sticker suitable for any motorcycle model, available with cash on delivery, and priced above 7 pesos.",1,Shop:1
"I'm looking for a shop that sells these items: First, a lip balm in the trio color family, classified as mass market, sold as a single piece, with LazMall perks like guaranteed authenticity, easy returns, fast shipping, plus free delivery, and costs over 587 pesos. Second, a soothing gel mist with aloe vera as the main ingredient, suitable for oily skin, in the original series, regular size, from a Korean brand, and sold as a single item. Third, a hair oil with 20ml volume, considered premium, and priced above 1586 pesos. Please show shops offering all these products.",1,Shop:1
"I'm looking for some music albums: one is a Gorillaz CD that's brand new and still sealed, another is a Beatles 4CD box set that's also original and unopened, a Carpenters cassette tape that's new and sealed, and a Kanye West 'ye' CD that's original, brand new, and comes with a fast delivery LazFlash deal. Please show me these music products.

My budget is only `1400`, but I have a voucher with the following rules:
1. The voucher only applies to the products from the same shop.
2. It is valid only when the total price of the products exceeds `468`.
3. It provides a fixed discount of `132`.",1,Voucher:1
"I'm looking for a storage bag made from solid material, a front fork for Yamaha Aerox that comes with LazMall benefits like authenticity guarantee and quick returns, and a kimono jacket in color 20#, XXL size, with a floral pattern, shirt collar, and available with LazFlash deals.

My budget is only `510`, but I have a voucher with the following rules:
1. The voucher applies to all products.
2. It is valid only when the total price of the products exceeds `69`.
3. It provides a percentage discount of `24%` with a cap of `28`.",1,Voucher:1
"Looking for solar-powered lights with LED bulbs, clear color, 2-pin plug, power usage between 2000 and 3000 watts, 12v input, and from the brand yesq. Also searching for kids' sandals in size 32-33, white, purple, or green, with a simple design for everyday wear. Need a budget organizer wallet set. Lastly, interested in men's lifestyle shoes from New Balance in brown, size US 10.

My budget is only `6375`, but I have a voucher with the following rules:
1. The voucher applies to all products.
2. It is valid only when the total price of the products exceeds `1681`.
3. It provides a fixed discount of `571`.",1,Voucher:1
"Show me phone cases for oppo a16 that have a built-in stand and support cash on delivery. Also, I'm looking for fishing lures that are 120mm in size.

My budget is only `606`, but I have a voucher with the following rules:
1. The voucher applies to all products.
2. It is valid only when the total price of the products exceeds `167`.
3. It provides a fixed discount of `56`.",1,Voucher:1
"Looking for a voltmeter in the car gauge category with a vibrant color option, and also searching for a Mazda alternator drive belt for a 1.5L SKYACTIV model.

My budget is only `1726`, but I have a voucher with the following rules:
1. The voucher applies to all products.
2. It is valid only when the total price of the products exceeds `423`.
3. It provides a percentage discount of `49%` with a cap of `322`.",1,Voucher:1
"I'm looking for some snacks with a rum flavor that can be stored in the cupboard from the brand oishi. Also, I want a pair of reflective traffic hand gloves that come with both LazMall and LazFlash services for extra perks and deals. Lastly, I'm interested in a gravity water dispenser for pets made of BPA-free plastic, easy to clean, and available with LazFlash for special discounts.

My budget is only `877`, but I have a voucher with the following rules:
1. The voucher applies to all products.
2. It is valid only when the total price of the products exceeds `295`.
3. It provides a fixed discount of `65`.",1,Voucher:1
"Find a high-temperature resistant insulation cloth with free delivery and LazFlash deal. Also, show me women's purple ankle rain boots in size 36 that are waterproof and designed for females. Lastly, I'm looking for a Chicago Bulls snapback cap in color family 2, one size, with embroidered cotton material.

My budget is only `371`, but I have a voucher with the following rules:
1. The voucher applies to all products.
2. It is valid only when the total price of the products exceeds `436`.
3. It provides a percentage discount of `50%` with a cap of `309`.",1,Voucher:1
"Looking for a vktech motion sensor for security systems, preferably a detector switch for LED lights.",1,Product:1
Show me halal guava drinks from the Philippines that cost over 69 pesos.,1,Product:1
"Looking for a powerplus brand brake shoe for Honda CRV, model years 2007 to 2011, in the handbrake parts category.",1,Product:1
"I'm looking for a shop that offers a variety of knitting supplies. I want to find: (1) yarn made of 100% cotton, (2) a tulip brand crochet hook in 2.5mm size, with cash on delivery available and priced above 647 PHP, (3) lightweight paper yarn that comes with free shipping, is part of a LazFlash deal, and costs more than 303 PHP, and (4) natural color crochet yarn with LazMall service and a price over 277 PHP. Please show me shops that sell these different knitting products.",1,Shop:1
"Find shops offering at least three items: one for pregnant pets in the vitamins category priced above 32 PHP, another in pet soap that's a moisturizing type and costs more than 41 PHP, and a third milk enhancer or vitamin for dogs or cats that comes with complimentary shipping.",1,Shop:1
"I'm looking for an a13 color OEM brand phone strap, a Honda CBR150-R or CRF150 fuel pump filter, and an HP brand black ink bottle. Please show me these products in their respective categories.

My budget is only `398`, but I have a voucher with the following rules:
1. The voucher applies to all products.
2. It is valid only when the total price of the products exceeds `473`.
3. It provides a fixed discount of `233`.",1,Voucher:1
"Show me Honda swing arm bushing from LazMall, Honda valve seal steam by honda, Honda torque drive oil seal for honda bikes with free shipping and LazFlash deals, and Yamaha sniper 135 speedometer gear box for motorstar sniper 135. I'm looking for these motorcycle parts.

My budget is only `720`, but I have a voucher with the following rules:
1. The voucher only applies to the products from the same shop.
2. It is valid only when the total price of the products exceeds `681`.
3. It provides a fixed discount of `205`.",1,Voucher:1
"I'm looking for a plastic chain lubricant for bikes, an alloy chain ring sized 38t, waterproof handlebar grips for bicycles that can be paid for with cash on delivery, and a CST brand bike tire.

My budget is only `464`, but I have a voucher with the following rules:
1. The voucher only applies to the products from the same shop.
2. It is valid only when the total price of the products exceeds `95`.
3. It provides a fixed discount of `31`.",1,Voucher:1
"I'm looking for some ink bottles. First, I want one that's a universal cone type UV refill. Next, I need a refill bottle compatible with Epson 664 models like L365 or L120. Also, I'm searching for a premium quality black 100ml dye refill ink for Epson L1110, L3110, or similar L series printers. Lastly, I want a 664 empty refill ink bottle that comes with LazMall's authenticity and return guarantees.

My budget is only `136`, but I have a voucher with the following rules:
1. The voucher only applies to the products from the same shop.
2. It is valid only when the total price of the products exceeds `60`.
3. It provides a percentage discount of `32%` with a cap of `47`.",1,Voucher:1
"Looking for a powder product that comes with LazMall perks like guaranteed authenticity and easy returns, plus free delivery.",1,Product:1
"Show me waterproof Kemei shavers with LazFlash deals, priced above 653 PHP.",1,Product:1
"Looking for a red cotton t-shirt in XL with a graphic print, round neck, and short sleeves (three-quarter length), from Bath and Body Works, priced above 195 pesos.",1,Product:1
"Looking for a black LED logo for the rear trunk lid, suitable for a 2011 Toyota Fortuner.",1,Product:1
Looking for premium instant coffee jar,1,Product:1
Show me wireless mice with bluetooth capability and a price above 224 PHP.,1,Product:1
"Looking for a shop offering linoleum flooring with these options: one in red wood color and wood pattern; another in ash blue shade, rubberized linoleum style, and material type c; and a third with rubberized linoleum type, available with LazFlash deals, priced from 4 to 174 pesos.",1,Shop:1
"Find a shop that sells these items: First, a multipack baking tool with LazFlash promo and price above 53 PHP. Second, a product for baking ingredients priced over 18 PHP. Third, a baking soda model with price between 28 and 41 PHP. Lastly, a vanilla flavor baking ingredient priced from 152 to 1045 PHP.",1,Shop:1
"I'm looking for a shop that offers both a women's blouse and a terno short set. For the blouse, it should come in color #18, be one size, made from cotton, have a graphic print, a scoop neckline, be plus size, and cost more than 97 pesos. For the terno short set, I want it in black#2, free size, and it should include free shipping.",1,Shop:1
"Find shops selling these products: 1) a black unisex t-shirt, size large, with a shirt collar, plain pattern, regular fit, available with LazFlash and priced between 178 and 490 pesos; 2) a black men's sando, size medium, crew neck, plain design, with free shipping; 3) an army green summer tee, size medium, sleeveless, for summer, available with LazMall and costing more than 122 pesos; 4) a men's short sleeve t-shirt, regular fit, casual style, made from cotton spandex. Show only shops that offer all these items.",1,Shop:1
"Looking for a shop offering both of these: First, petite regular-fit denim pants for women in dark blue, plain style, with a 29-inch low waist, push up feature, and priced between 67 and 366 pesos. Second, slim-fit black denim pants for women with a 31-inch low waist, ankle length, and costing over 161 pesos.",1,Shop:1
"I'm looking for a racing CDI for a Raider 150, a best-selling hydrating face serum and primer from m.a.c that's alcohol-free, and a Roman collar made in Italy that's related to sewing crafts.

My budget is only `4232`, but I have a voucher with the following rules:
1. The voucher applies to all products.
2. It is valid only when the total price of the products exceeds `738`.
3. It provides a percentage discount of `29%` with a cap of `632`.",1,Voucher:1
"Find a women's watch in the silver color family with a stainless steel strap, quartz movement, analog & quartz features, 34mm dial, 30m water resistance, and free shipping. Also, look for kids' girls' black leather Mary Janes with flower decoration, size EU 27, color code #109, and free shipping. Show me a cleansing foam from the brand Derma Natufian. Lastly, search for pink wireless earbuds with noise isolating features, Bluetooth 5.3, dynamic drivers, OEM brand, 500 battery capacity, and free shipping.

My budget is only `1335`, but I have a voucher with the following rules:
1. The voucher applies to all products.
2. It is valid only when the total price of the products exceeds `1637`.
3. It provides a percentage discount of `50%` with a cap of `1141`.",1,Voucher:1
"Looking for kids t-shirts in small size with an o-neck collar, and also unisex boys t-shirts in small with a round neck, suitable for everyday wear.

My budget is only `98`, but I have a voucher with the following rules:
1. The voucher only applies to the products from the same shop.
2. It is valid only when the total price of the products exceeds `94`.
3. It provides a percentage discount of `18%` with a cap of `92`.",1,Voucher:1
"Looking for biryani masala in a box with a 1 week guarantee and available with LazFlash deals, some crispy pani puri that comes in a single pouch and can be stored in the cupboard, and also basmati rice suitable for Indian cooking packed in a bag.

My budget is only `1064`, but I have a voucher with the following rules:
1. The voucher only applies to the products from the same shop.
2. It is valid only when the total price of the products exceeds `263`.
3. It provides a fixed discount of `39`.",1,Voucher:1
Show me single-pack bags of chili powder priced above 375 pesos.,1,Product:1
"Looking for a 5 inch stainless steel hasp for door security, with free delivery and price between 7 to 38 PHP.",1,Product:1
I'm looking for creatine powder sachets.,1,Product:1
Show me cotton newborn sets priced above 138 PHP.,1,Product:1
"Looking for a shop that offers these items: First, a men's leather business casual belt in brown, size waist 44, made of leather, with a simple pattern and a relaxed style. Second, a tactical belt for men from China, one size fits all, in army green, with a plain design, crafted from canvas, and available with a LazFlash deal. Third, a leather belt suitable for both men and women, size waist 33, in coffee brown, featuring a plain look, made of leather, casual style, and priced above 24 pesos. Lastly, a pure leather belt for men, size waist 38, in black, casual style, made of leather, and costs more than 42 pesos. Please show shops that sell all these types of belts.",1,Shop:1
"Find a shop selling contact lenses where one product has a black color option and costs between 12 and 50 pesos, and another product has both black and soft color options, is suitable for 12 months use, and comes with free shipping.",1,Shop:1
"Find shops offering a blouse in blue gray, size 4XL, with long sleeves, a shirt collar, made by OEM, crafted from polyester, and priced above 113 PHP; a dress in green, size 3XL, plain pattern, midi length, A-line shape, basic style, suitable for casual occasions, regular fit, and off shoulder collar; and a skirt in green, long length, floral pattern, made of polyester, with a price between 36 and 296 PHP.",1,Shop:1
"Find shops offering these products: First, a swing arm for skygo and universal motorcycle models, priced from 476 to 1296 PHP. Second, a swing arm assembly for bajaj universal motorcycles, costing over 156 PHP. Third, a set of blue alloy mags for universal motorcycles, with a price above 1095 PHP.",1,Shop:1
"I'm looking for shimmer finish mica powder in the 5 grams size from a mass market brand, preferably with a LazFlash deal. Also, I want a box of cute plastic stickers in color option 1, suitable for kids 8 years and older. Lastly, I need a disposable 20ml plastic syringe, ideally with a long tip for pet feeding or watering.

My budget is only `99`, but I have a voucher with the following rules:
1. The voucher only applies to the products from the same shop.
2. It is valid only when the total price of the products exceeds `41`.
3. It provides a percentage discount of `15%` with a cap of `19`.",1,Voucher:1
"I'm looking for a lamp adapter in white that uses an E27 plug, works with 220v, and has a power usage between 1 and 500 watts. Also, I want white wireless headphones with noise isolation, Bluetooth 5.3, a 30mAh battery, available on LazMall with cash on delivery. Lastly, I'm interested in 70g pet treats from the gourmet smoothie range.

My budget is only `672`, but I have a voucher with the following rules:
1. The voucher applies to all products.
2. It is valid only when the total price of the products exceeds `74`.
3. It provides a fixed discount of `9`.",1,Voucher:1
"I'm looking for a spring drain cleaner that's 15 meters long, a set of crayons in the kuromi color from miniso, a 100ml pain relief massage oil with a red scent that can be paid for with cash on delivery, and a small yellow kitchen sponge set made of sponge material with a LazFlash deal.

My budget is only `733`, but I have a voucher with the following rules:
1. The voucher applies to all products.
2. It is valid only when the total price of the products exceeds `618`.
3. It provides a percentage discount of `10%` with a cap of `356`.",1,Voucher:1
"Looking for a large capacity pencil case in dark blue with a zipper closure, a weekly and monthly planner notebook with 60 pages, a set of 100 unique kawaii laser stickers for students, and a canvas waterproof pencil case for girls that comes with LazMall services like authenticity guarantee and quick returns. Please show options in the relevant categories.

My budget is only `530`, but I have a voucher with the following rules:
1. The voucher only applies to the products from the same shop.
2. It is valid only when the total price of the products exceeds `338`.
3. It provides a percentage discount of `12%` with a cap of `194`.",1,Voucher:1
Show me vinyl stickers with a cost above 12 PHP.,1,Product:1
"Show me liquid foundation for oily skin with full coverage, oil-free ingredients, any skin tone, sold as a single item, and priced between 362 and 2591 PHP.",1,Product:1
"Show me cotton t-shirts for women in medium size and puma black color, with LazFlash deals, priced above 988 PHP.",1,Product:1
"Find a shop offering these products: First, classic unisex sandals in size eu:36, gray color, made of rubber with a striped design, and price above 27 PHP. Second, trendy flats in size us:9, white color, with a plain pattern, perfect for summer and casual occasions, priced over 23 PHP. Third, flats sandals in tan, size us:9, open toe, braided pattern, made of leather, from the Marikina brand, and includes free shipping.",1,Shop:1
"I'm looking for three items: First, an emulsion-type car polish or wax in a cream color and creamy gel form, available with LazMall services. Second, a black canvas tote bag for women. Third, a butane stove from the brand northhike. Can you help me find these products?

My budget is only `414`, but I have a voucher with the following rules:
1. The voucher applies to all products.
2. It is valid only when the total price of the products exceeds `64`.
3. It provides a fixed discount of `26`.",1,Voucher:1
"Show me a remedy for eye issues that comes with free shipping; a black 3-in-1 stainless steel cutlery set from prando phio2o with LazMall perks; a green soft TPU silicone phone case for infinix smart 6; and a men's necklace with a gold lightning pendant, silver color, also with LazMall benefits.

My budget is only `1152`, but I have a voucher with the following rules:
1. The voucher applies to all products.
2. It is valid only when the total price of the products exceeds `584`.
3. It provides a fixed discount of `60`.",1,Voucher:1
"Show me basketball tank tops made from dri-fit material by 227pmk, priced above 73 PHP.",1,Product:1
Show me juice containers that cost more than 13 pesos.,1,Product:1
Show me data cables with a type c connector that cost more than 62 PHP.,1,Product:1
Show me fridge magnets with a component type of magnet and costing over 23 PHP.,1,Product:1
"I'm looking for a shop that offers both a black l waist cincher or control belt made from polyester, priced above 65 PHP, and an outdoor animal control mouse trap cage that costs more than 107 PHP. Can you help me find such a store?",1,Shop:1
"Looking for a shop offering aromatherapy oil with a lavender scent, priced from 39 to 997 PHP, and also selling sport sandals in black, size 35, with a herringbone pattern, costing over 450 pesos.",1,Shop:1
"Find shops offering multiple items where: First, a kitchen storage rack is available with cash on delivery and costs between 1623 and 4519 PHP. Second, a stainless steel food container in international style is listed for more than 117 PHP. Third, a microwave oven shelf with water resistant storage is priced from 203 to 852 PHP.",1,Shop:1
"I'm looking for a shop that sells these three items: First, a pair of black gold low-top running shoes in size EU 36, with free shipping and a price above 395 PHP. Second, black gold retro running shoes in size EU 43, made with mesh material, from the Onitsuka Tiger brand, priced over 418 PHP. Third, white gold retro sports shoes in size EU 37, also from Onitsuka Tiger, that come with both LazMall and LazFlash services, and cost more than 468 PHP. Please show me shops offering all these sneakers together.",1,Shop:1
"Looking for a blue midi dress in 4XL with a graphic print and v-neck from Zanzea. Also searching for dog food, 300g lamb and chicken flavor, with LazMall authenticity and fast delivery.

My budget is only `762`, but I have a voucher with the following rules:
1. The voucher applies to all products.
2. It is valid only when the total price of the products exceeds `549`.
3. It provides a fixed discount of `162`.",1,Voucher:1
"I'm looking for a pvc material kitchen wallpaper with LazFlash deals, a white screen protector for huawei nova 3 that supports universal plug, 500-1000 power, and cash on delivery, a silver cabinet hinge, and a tnw lapel microphone with type c connector.

My budget is only `429`, but I have a voucher with the following rules:
1. The voucher applies to all products.
2. It is valid only when the total price of the products exceeds `137`.
3. It provides a percentage discount of `26%` with a cap of `126`.",1,Voucher:1
"Looking for kinesiology tape in blue camo, size 2.5cm by 5m; a water bottle lid in mint color for wide mouth bottles; and a double-wall insulated tumbler bottle with a free silicone boot.

My budget is only `973`, but I have a voucher with the following rules:
1. The voucher only applies to the products from the same shop.
2. It is valid only when the total price of the products exceeds `1245`.
3. It provides a percentage discount of `43%` with a cap of `905`.",1,Voucher:1
"I'm looking for baby clothing items. For the first one, it should be made of knitted cotton, have a free size height, feature a printed design, and support cash on delivery. The second should fit ages 1-3 years, come in assorted colors, be suitable for 0-12 month old girls, have a free size, no specific model, and be available with LazFlash deals. The third should be made entirely in the Philippines, fit 0-9 month old baby girls. The fourth should be cotton, fit 6-12 months, have character graphics, be for casual use, and have no particular model.

My budget is only `344`, but I have a voucher with the following rules:
1. The voucher only applies to the products from the same shop.
2. It is valid only when the total price of the products exceeds `128`.
3. It provides a percentage discount of `33%` with a cap of `59`.",1,Voucher:1
"I'm looking for a Danycase keyboard cover that's compatible with the 2024 iPad Pro 13 M4 and works with Apple devices. Also, I need an ignition key set for a Honda Wave 110i motorcycle. Lastly, I'm interested in an organic, halal cranberry juice that comes with a LazFlash deal.

My budget is only `930`, but I have a voucher with the following rules:
1. The voucher applies to all products.
2. It is valid only when the total price of the products exceeds `438`.
3. It provides a fixed discount of `168`.",1,Voucher:1
I'm looking for a heavy-duty stainless steel gate roller wheel with V or U type bearings in the gate hardware category.,1,Product:1
"Looking for yellow floral swimwear for girls aged 8-9, from PatPat, with LazFlash deals.",1,Product:1
"Looking for beige block heel sandals in size 35 with a plain design and 1 inch heel, priced between 44 and 369 pesos.",1,Product:1
"Show me regular nylon rash guards with a plain design, available on LazMall, priced from 70 to 255 pesos.",1,Product:1
Show me shops offering a black beard brush for men over 117 pesos and a green peacock hair clip for women above 9 pesos.,1,Shop:1
"I'm looking for a shop that sells both of these: First, a tool for diesel injector nozzle disassembly and oil pump calibration, priced between 1960 and 6388 PHP. Second, a dual power automatic transfer switch for generators, specifically in the 125a color family, with LazMall service included and costing more than 3314 PHP. Please make sure both items are in their relevant categories.",1,Shop:1
"Looking for oil-based crayons, preferably the junior artist set with 50 shades.

My budget is only `425`, but I have a voucher with the following rules:
1. The voucher applies to all products.
2. It is valid only when the total price of the products exceeds `170`.
3. It provides a fixed discount of `34`.",1,Voucher:1
"Find cream-type deodorants, denture adhesive creams, and toothpaste for sensitive teeth, all from trusted sellers with LazMall services. Focus on Old Spice and SENSODYNE brands.

My budget is only `1481`, but I have a voucher with the following rules:
1. The voucher only applies to the products from the same shop.
2. It is valid only when the total price of the products exceeds `509`.
3. It provides a percentage discount of `42%` with a cap of `372`.",1,Voucher:1
"Find concrete floor paint with a gloss finish and a vibrant color tone. Also, look for a 100ml cornfield herbicide spray. Show me polypropylene (pp) dining basins from nevis in an international style that support cash on delivery. Lastly, search for black aluminium/abs kitchen sharpeners by nevis.

My budget is only `947`, but I have a voucher with the following rules:
1. The voucher only applies to the products from the same shop.
2. It is valid only when the total price of the products exceeds `840`.
3. It provides a percentage discount of `45%` with a cap of `790`.",1,Voucher:1
"Looking for eyeglasses accessories in 0.3cm color, pack of 10pcs, with cash on delivery available, and price above 24 PHP.",1,Product:1
Show me master cylinder options for Ford vehicles that support cash on delivery.,1,Product:1
"I'm looking for a shop that offers these three items: First, a premium skin care product in the 'essential oil' category, with a 6-piece fragrance set, regular size, single unit, 30ml volume, soothing benefits, and priced between 113 and 351 pesos. Second, a 'body lotion' with 2 pieces per pack, moisturizing effects, and a price range of 33 to 178 pesos. Third, a 'body lotion' featuring collagen as a key ingredient, 2 pieces per set, anti-aging properties, and costs between 62 and 266 pesos. Please show me shops that sell all these products together.",1,Shop:1
"Find a shop offering both industrial high-back metal guest chairs from oem with LazMall and LazFlash services, priced between 567 and 1225 PHP, and plastic desk dividers with cash on delivery, priced above 251 PHP.",1,Shop:1
"Find shops offering watches where one has a dial size of 40mm and costs between 121 and 150 pesos, and another is a women's watch with a dial smaller than 25mm, a stainless steel strap, automatic movement made in Japan, water resistance up to 3 meters, and is a genuine branded item.",1,Shop:1
"Show me game dice for 2 people that come with free delivery. Also, I'm looking for a Lenovo laptop with a 2 kg weight, Chinese plug, 16-inch screen, 512GB storage, Windows OS, and 16GB graphics memory.

My budget is only `43710`, but I have a voucher with the following rules:
1. The voucher applies to all products.
2. It is valid only when the total price of the products exceeds `10906`.
3. It provides a percentage discount of `50%` with a cap of `5944`.",1,Voucher:1
"I'm looking for casual cotton shirts for summer with a graphic print, crew neck, regular fit, in white and size XXL. Also, show me casual regular fit shirts in navy blue, size XL, with an o-neck, and please include options that support cash on delivery.

My budget is only `353`, but I have a voucher with the following rules:
1. The voucher only applies to the products from the same shop.
2. It is valid only when the total price of the products exceeds `301`.
3. It provides a percentage discount of `28%` with a cap of `226`.",1,Voucher:1
Show me Mitsubishi diesel fuel injectors with free delivery and a price above 3224 PHP.,1,Product:1
I'm looking for a modern style strainer that costs between 94 and 521 pesos.,1,Product:1
Show me rectangle hall tables priced from 978 to 5780 PHP.,1,Product:1
Show me multipack ankle socks in a random color.,1,Product:1
"Find shops offering at least three items: First, a tattoo supply in black, suitable for ages 20+, for tattoo painting, with 'see description' as the supply type, free shipping, and priced above 10 PHP. Second, a construction tool for general purpose use with additives as the floor adhesive, costing more than 176 PHP. Third, a plush toy in color family 4, representing small animals.",1,Shop:1
"Find a shop offering a universal brand motorcycle badge, Stans Flow rim decals priced above 374 PHP, and Honda TMX 155 decals in a customized color option with cash on delivery available and price over 195 PHP.",1,Shop:1
"I'm looking for a shop that offers sandals in these options: First, a blue pair in size US 7 from Iguanas Sandals, with a plain design, casual style, and priced between 167 and 582 pesos. Second, another from the same brand, unisex, size US 11, also plain and casual. Third, a casual pair made of rubber and genuine leather, size US 7, with LazMall authenticity and free shipping, and costing more than 251 pesos. Can you show me shops that have all these types of sandals?",1,Shop:1
"I'm looking for some kids' lace-up sneakers in size 22 and black color, a women's thin synthetic leather buckle belt in black (one size, plain pattern, brand faitolagi) with a LazFlash deal, a thefaceshop cream brow fixer with free shipping, and a MING SING itch relief roll-on from LazMall. Can you help me find these products?

My budget is only `773`, but I have a voucher with the following rules:
1. The voucher applies to all products.
2. It is valid only when the total price of the products exceeds `634`.
3. It provides a fixed discount of `233`.",1,Voucher:1
"Looking for dashboard covers and car mats. Need one with bluelinning color and LazMall service, another in emerald green that supports cash on delivery, a blue option for Mitsubishi Montero, and a grey dashboard cover for Toyota Corolla Lovelife.

My budget is only `2509`, but I have a voucher with the following rules:
1. The voucher only applies to the products from the same shop.
2. It is valid only when the total price of the products exceeds `1821`.
3. It provides a fixed discount of `622`.",1,Voucher:1
"I'm looking for beauty products. First, a queen white brand rejuvenating set that helps get rid of blackheads, sold as a single item. Next, a 50ml lotion for normal skin that offers sun protection. Also, a 100ml dermacare lotion, single item. Lastly, a 120ml lotion for normal skin with salicylic acid, good for acne care.

My budget is only `325`, but I have a voucher with the following rules:
1. The voucher only applies to the products from the same shop.
2. It is valid only when the total price of the products exceeds `272`.
3. It provides a percentage discount of `32%` with a cap of `172`.",1,Voucher:1
"Show me walkie talkies that have 16 channels and a display screen, and also any walkie-talkie products.

My budget is only `2497`, but I have a voucher with the following rules:
1. The voucher only applies to the products from the same shop.
2. It is valid only when the total price of the products exceeds `2194`.
3. It provides a fixed discount of `343`.",1,Voucher:1
"Looking for a clear phone case compatible with Xiaomi Redmi Note 13 Pro Plus 5G, basic style. Also need an oil filter for Cummins ISF 2.8 trucks. Additionally, searching for MU-X car accessories, specifically gas tank covers or garnish sets, available in chrome or matte black.

My budget is only `986`, but I have a voucher with the following rules:
1. The voucher applies to all products.
2. It is valid only when the total price of the products exceeds `1460`.
3. It provides a percentage discount of `47%` with a cap of `859`.",1,Voucher:1
"Looking for boat accessories, specifically a motor mount kit from INTEX.",1,Product:1
"I'm looking for a high-quality ribbon in the black, white, neutral, or brown color range. It should be 1.5 inches wide, have a simple pattern, and a chic style from the yama brand. Please show me options with LazFlash deals.",1,Product:1
Show me fog lamps with h11 socket that come with complimentary shipping and cost over 1175 PHP.,1,Product:1
Find stop itch dog shampoo with LazFlash deals and a price above 20 PHP.,1,Product:1
"Show me white USB cable products with a 2 meter length, USB2 data speed up to 1mbps, available with LazMall perks, and priced above 22 PHP.",1,Product:1
"Looking for a shop offering both a brass water meter (with brass as the main material and priced from 30 to 1260 PHP) and a stainless steel kitchen faucet (standard spout type, made of stainless steel, with a stainless steel finish, and costing over 219 PHP).",1,Shop:1
"I'm looking for a shop that sells these items: First, a button flex for Oppo A5S with an outer button in red and costs more than 29 pesos. Second, a camera lens for Samsung Galaxy A32/A52/A72/A52S that comes with adhesive and is available with LazMall's authenticity and return services. Third, a back cover for OPPO Realme C12 RMX2189, specifically a replacement type, priced between 151 and 293 pesos. Lastly, a power button flex for Oppo Reno 4 4G CPH2113, model power, that includes free shipping and is priced above 49 pesos.",1,Shop:1
"Find a shop that sells a used Acer laptop with 2gb ram and 4gb system memory, an office Lenovo laptop in preloved condition with Intel HD graphics, US plug, 16gb system memory, 2kg weight, emmc port, 11.6 inch display, 500-1000 power usage, 1.6ghz processor, optical drive, HDD storage, 4gb graphics memory, free shipping, and price above 350 PHP, a refurbished Lenovo Chromebook with Chrome OS, 16gb HDD, 11.6 inch screen, 2kg, US plug, 1.6ghz processor, optical drive, HDD storage, 16gb system memory, and 500-1000 power usage, and a used Logitech mouse with bluetooth, free shipping, LazFlash deal, and price between 48 and 706 PHP.",1,Shop:1
"Looking for an inner door handle for a Honda, made by Isance, preferably for the front or rear left side.

My budget is only `204`, but I have a voucher with the following rules:
1. The voucher applies to all products.
2. It is valid only when the total price of the products exceeds `203`.
3. It provides a fixed discount of `44`.",1,Voucher:1
"I'm looking for a pink sewing thread that glows in the dark and is available with a LazFlash deal. Also, I'm interested in NBA collectible cards suitable for kids 8 years old and up, for both boys and girls, with a focus on collections, and the brand should be NBA. Please make sure both items have LazFlash limited-time offers.

My budget is only `509`, but I have a voucher with the following rules:
1. The voucher applies to all products.
2. It is valid only when the total price of the products exceeds `77`.
3. It provides a fixed discount of `9`.",1,Voucher:1
"Show me tribu brand sport & street sandals in black, size us:6, with LazFlash deals; also, tribu white/orange plain rubber slippers, size us:6; plus, navy blue sport & street slippers, size us:11, available for cash on delivery; and tribu unisex red eva slippers, size us:9, made of rubber.

My budget is only `2038`, but I have a voucher with the following rules:
1. The voucher only applies to the products from the same shop.
2. It is valid only when the total price of the products exceeds `432`.
3. It provides a percentage discount of `33%` with a cap of `274`.",1,Voucher:1
"Show me 80s retro candy with green apple flavor, large serve pack, and gum type. Also, I'm looking for flip phone pop in grape taste, single pack. Plus, do you have carmex brand triple force lip balms?

My budget is only `352`, but I have a voucher with the following rules:
1. The voucher only applies to the products from the same shop.
2. It is valid only when the total price of the products exceeds `427`.
3. It provides a fixed discount of `175`.",1,Voucher:1
"Looking for a moisturizing body cream from Bath and Body Works in the pure wonder fragrance family with a cream formula. Also interested in a Bluetooth keyboard, and chicken water drinkers from Lovinland (10pcs, easy to clean), preferably with LazMall perks like authenticity guarantee, fast shipping, and cash on delivery.

My budget is only `4870`, but I have a voucher with the following rules:
1. The voucher applies to all products.
2. It is valid only when the total price of the products exceeds `471`.
3. It provides a fixed discount of `145`.",1,Voucher:1
"I'm looking for a single pack of moisturizing shampoo and conditioner for dry hair. Also, do you have a seasir brand braided fishing line, line number 3, that's high strength?

My budget is only `683`, but I have a voucher with the following rules:
1. The voucher applies to all products.
2. It is valid only when the total price of the products exceeds `257`.
3. It provides a percentage discount of `46%` with a cap of `172`.",1,Voucher:1
Show me black engine flush products priced above 424 pesos.,1,Product:1
"I'm looking for a 5 in 1 electric hair clipper for men, something that can trim beards and help with hair styling. Do you have any grooming tools like this?",1,Product:1
Show me luggage covers priced above 81 PHP.,1,Product:1
Find a shop offering both a Chromecast remote and an Epson projector remote. The Chromecast remote should support pay on delivery and cost over 14 pesos. The Epson remote should be priced between 654 and 960 pesos. Show results in the electronics category.,1,Shop:1
"Find a shop that sells these items: 1) caulk tubes in a 5-piece set, suitable for general use, with LazFlash deals; 2) dog back brace for any breed, priced above 278 PHP; 3) letter learning pocket chart available with cash on delivery, costing more than 868 PHP; 4) men's hair removal cream for all skin types, over 66 PHP. The shop should offer all these products.",1,Shop:1
"Looking for phone cases with these features: First, a gold color, PC material, and fits iPhone 14 Pro. Second, a clear case for iPhone 16 Pro Max that comes with LazMall perks like authenticity and easy returns. Third, a dark gray alloy case for iPhone 13 Pro Max. Lastly, a Kevlar case for iPhone 15 that's resistant to water, dust, and dirt. All should be in the phone case category.

My budget is only `1371`, but I have a voucher with the following rules:
1. The voucher only applies to the products from the same shop.
2. It is valid only when the total price of the products exceeds `1140`.
3. It provides a percentage discount of `22%` with a cap of `1024`.",1,Voucher:1
"I'm looking for an XL men's polo shirt in a youthful office style, and also a table stand holder for phones that comes with LazMall perks like guaranteed authenticity, easy returns, fast shipping, and free delivery.

My budget is only `242`, but I have a voucher with the following rules:
1. The voucher applies to all products.
2. It is valid only when the total price of the products exceeds `193`.
3. It provides a percentage discount of `30%` with a cap of `138`.",1,Voucher:1
"I'm looking for a dermacare sunblock gel cream from Capadosa that offers sun protection for all skin types, is waterproof, has SPF between 41 and 50, comes as a single cream item. Also, I want a set of cotton cartoon pajamas for kids aged 3 to 5 years, available with cash on delivery. Lastly, I'm interested in black large waterproof rain shoe covers for men, made of rubber and latex, with a casual style and durable, non-slip features.

My budget is only `384`, but I have a voucher with the following rules:
1. The voucher applies to all products.
2. It is valid only when the total price of the products exceeds `94`.
3. It provides a fixed discount of `41`.",1,Voucher:1
"Show me brightening facial products with collagen, elbow and knee whitening lotion, and a set of three regular size dermacare body lotions for whitening, each 100ml. I'm looking for options with these benefits and preferences.

My budget is only `564`, but I have a voucher with the following rules:
1. The voucher only applies to the products from the same shop.
2. It is valid only when the total price of the products exceeds `710`.
3. It provides a percentage discount of `50%` with a cap of `680`.",1,Voucher:1
"Show me black motorcycle backpacks for harley davidson v-rod muscle, universal fit, one size; and also taupe women's loafers by sperry, size US 7.5, made with rubber.

My budget is only `4559`, but I have a voucher with the following rules:
1. The voucher applies to all products.
2. It is valid only when the total price of the products exceeds `4724`.
3. It provides a percentage discount of `39%` with a cap of `2852`.",1,Voucher:1
Show me crunchy cracker nuts from LazMall with a price above 5 pesos.,1,Product:1
Show me modern metal candle warmers that come with free delivery and cost over 272 PHP.,1,Product:1
"Looking for a yellow green footboard mat for honda click 125i/150i, just products, with complimentary shipping.",1,Product:1
"Looking for a white bmrs soap with firming benefits, regular size, 70g, sold as a single item.",1,Product:1
"Find shops offering at least these three items: (1) a smooth gold bangle for women with no gemstones, made from mineral stone, in the gold color family, and priced above 203 PHP; (2) an 'I love you' style gold bangle for women, also with no stones, crafted from k-gold and mineral stone, gold in color, and costing more than 162 PHP; (3) a women's ring made with pearl material, featuring a round brilliant diamond shape, model type rings, and priced over 141 PHP.",1,Shop:1
"Find a shop offering these items: First, a jisulife brand handheld fan with 5W power use, adjustable speed options, and a price from 493 to 1622 PHP. Second, the same fan in light brown, available with LazMall and LazFlash perks. Third, a motorcycle intercom headset, fx variant, priced between 1431 and 3790 PHP. Lastly, a jisulife mini fan in dark gray, with purifier feature and 5W power. All should be in their respective categories: fan or headset.",1,Shop:1
"I'm looking for a shop that offers these items: First, women's sandals in pink 2, size w9, made of rubber, with a floral design, suitable for formal events, perfect for summer, comes with free shipping, and priced between 600 and 1142 PHP. Second, women's flipflops in size us:7. Third, women's sandals in cream, size us:9, made of rubber, released in 2020, available with LazMall perks like guaranteed authenticity and quick returns, and costs more than 104 PHP. Please show me shops that have all these products.",1,Shop:1
"I'm looking for a magwell grip accessory for AEG M4/M16/AR15 series, a pair of On Cloud X running sneakers in size 39, sea blue color, and a plush toy figure that's available with LazMall services like guaranteed authenticity and quick returns.

My budget is only `1807`, but I have a voucher with the following rules:
1. The voucher only applies to the products from the same shop.
2. It is valid only when the total price of the products exceeds `1563`.
3. It provides a percentage discount of `14%` with a cap of `1465`.",1,Voucher:1
"Looking for a ceiling light in black and gold, 10-14 inch wide, works with 220v. Also need a Faber-Castell ballpen set of 3, and a black silicone lens cap for action cameras with LazMall service. Additionally, searching for a plus size floral black midi dress, cotton material, short sleeves, free size M-2XL, casual style, with LazFlash deals.

My budget is only `473`, but I have a voucher with the following rules:
1. The voucher applies to all products.
2. It is valid only when the total price of the products exceeds `608`.
3. It provides a percentage discount of `38%` with a cap of `457`.",1,Voucher:1
"Looking for high-quality bedsheets made from 100% Canadian cotton with a stripes design, as well as cotton bedding sets in plain white for adults, family size, with a plain pattern and LazFlash deals.

My budget is only `303`, but I have a voucher with the following rules:
1. The voucher only applies to the products from the same shop.
2. It is valid only when the total price of the products exceeds `67`.
3. It provides a fixed discount of `10`.",1,Voucher:1
"Show me single item perfumes with cash on delivery and LazFlash deals, organic lettuce seeds from mb variety store with free shipping, and connecting rods for Honda XR 150 motorcycles made in Malaysia.

My budget is only `2511`, but I have a voucher with the following rules:
1. The voucher applies to all products.
2. It is valid only when the total price of the products exceeds `778`.
3. It provides a fixed discount of `115`.",1,Voucher:1
"Show me buy 2 get 2 coffee products in medium size, stainless steel food storage boxes with 3000ml capacity that come with free delivery, and single pack gummies supplements.

My budget is only `334`, but I have a voucher with the following rules:
1. The voucher only applies to the products from the same shop.
2. It is valid only when the total price of the products exceeds `45`.
3. It provides a percentage discount of `20%` with a cap of `31`.",1,Voucher:1
"Looking for a window regulator for Isuzu Elf Giga, specifically the driver side (lh) version, available with LazMall perks like authenticity guarantee and quick returns, and priced between 180 and 951 PHP.",1,Product:1
"Find a shop offering these items: a Montessori toy featuring an elephant, for kids aged 0-36 months, related to animals & nature, and priced above 128 PHP; a handwriting workbook suitable for 2-3 year olds; a box of graphite HB pencils for school; and a yellow blade-type pencil sharpener costing more than 14 PHP.",1,Shop:1
"Find a shop offering a garlic and herb seasoning with a price above 41 PHP, a Brita water filter with component type as water filter, and a Tim Hortons instant coffee priced between 426 and 742 PHP.",1,Shop:1
"I'm looking for a shop that offers these items: First, a tracing cursive workbook priced above 65 pesos. Second, a spelling booklet with design 15, free delivery, and a price between 68 and 107 pesos. Third, a Marungko reading book in Filipino, costing between 29 and 96 pesos. Lastly, a customized kids' workbook for tracing, with a price range of 114 to 321 pesos. Please show me shops that have all these products.",1,Shop:1
"I'm looking for a shop that sells these items: First, an oil circuit breaker from the Otaku convenience brand. Second, a DC dual power manual transfer switch with LazMall service and a price above 421 PHP. Third, a single power window switch for Honda models, priced over 113 PHP. Lastly, a power steering pump for Mitsubishi, with LazFlash deals, priced between 514 and 6713 PHP. Please make sure the Mitsubishi part is for the correct make.",1,Shop:1
"Find an octagon or square velvet ring box for weddings that supports cash on delivery, a plastic seedling tray for gardening with model oem, and a snapback cap strap set available with LazFlash deals.

My budget is only `225`, but I have a voucher with the following rules:
1. The voucher only applies to the products from the same shop.
2. It is valid only when the total price of the products exceeds `62`.
3. It provides a fixed discount of `15`.",1,Voucher:1
"I'm looking for a few items: First, a car accessory in black that comes with complimentary shipping. Next, a motor shaft coupling for RC toys, suitable for kids 8+ who are into child development, and it should be available with pay-on-delivery. Also, a yellow vinyl sticker in the 12x60 inch size. Lastly, a single pack of front load laundry detergent with germ-fighting properties and free delivery.

My budget is only `711`, but I have a voucher with the following rules:
1. The voucher applies to all products.
2. It is valid only when the total price of the products exceeds `171`.
3. It provides a fixed discount of `32`.",1,Voucher:1
"I'm looking for an instant electric water heater and a black car alarm system. The car alarm should be available with LazMall services like guaranteed authenticity, easy returns, and fast shipping.

My budget is only `1467`, but I have a voucher with the following rules:
1. The voucher only applies to the products from the same shop.
2. It is valid only when the total price of the products exceeds `307`.
3. It provides a fixed discount of `145`.",1,Voucher:1
"I'm looking for a car antenna in the 9 inch size, a pair of women's sunglasses with brown blue polarized lenses and brown frame, available with LazMall services, and women's sandals in size 37.

My budget is only `440`, but I have a voucher with the following rules:
1. The voucher applies to all products.
2. It is valid only when the total price of the products exceeds `133`.
3. It provides a percentage discount of `14%` with a cap of `33`.",1,Voucher:1
"Show me curtains made from canadian fabric, suitable for any gender, with a liner included and standard solution. I want options with free delivery, priced between 120 and 176 PHP.",1,Product:1
"Show me chrome gold stickers for Yamaha motorcycles, specifically for Kawasaki Fury 125, that cost more than 9 pesos.",1,Product:1
Show me Matrix hair serum products that cost more than 385 pesos.,1,Product:1
"Find a shop offering both an automotive product in the aquamarine color family priced above 817 PHP, and a car accessory available with cash on delivery for more than 83 PHP.",1,Shop:1
"I'm looking for a shop that sells both of these: First, a pair of gray x-large pants for camping and hiking, made in the Philippines, with water-repellent features, available with LazFlash deals, and priced above 1163 pesos. Second, some gray and black small-sized shorts, also made in the Philippines, with LazFlash offers. Both should be in the outdoor clothing category.",1,Shop:1
"Find shops offering at least three items: a car accessory with 1 piece per pack, free delivery, and a price from 184 to 827 PHP; another car accessory with LazFlash deals and priced above 504 PHP; and a motorcycle part costing over 1303 PHP.",1,Shop:1
"I'm looking for an army green phone lanyard that comes with LazFlash deals, a copper metal gaming phone case for vivo that's water and dust resistant and also on LazFlash, a pet shampoo for dogs and cats that helps with fleas and ticks, and a black silk vest for women available on LazMall with cash on delivery. Please show me these accessories, cases, pet care, and clothing options.

My budget is only `665`, but I have a voucher with the following rules:
1. The voucher applies to all products.
2. It is valid only when the total price of the products exceeds `442`.
3. It provides a fixed discount of `145`.",1,Voucher:1
"Show me oem brand airsoft kits with free delivery and oem brand piston pressure parts.

My budget is only `1233`, but I have a voucher with the following rules:
1. The voucher only applies to the products from the same shop.
2. It is valid only when the total price of the products exceeds `927`.
3. It provides a fixed discount of `347`.",1,Voucher:1
"I'm looking for a pink cream sunscreen that's waterproof, model 2026, in a regular size single item. Also, I want a matte finish foundation stick that comes with cash on delivery. Please show me options for both products.

My budget is only `97`, but I have a voucher with the following rules:
1. The voucher applies to all products.
2. It is valid only when the total price of the products exceeds `82`.
3. It provides a percentage discount of `16%` with a cap of `16`.",1,Voucher:1
"Show me vent visors for Innova with just products, priced above 413 PHP.",1,Product:1
"Looking for an alloy windshield for a Honda ADV150, made by Adi Turbo, priced from 182 to 822 PHP.",1,Product:1
Show me cigarette holders priced above 517 PHP.,1,Product:1
"Find shops offering a swimming pool water toy balloon, a writing notebook with 80 pages priced above 16 PHP, and a set of baby socks with food-themed designs, weighing up to 5kg, available with free shipping and costing between 1 and 68 PHP.",1,Shop:1
"Looking for a shop offering both a white powder supplement (single item, price above 2094 PHP) and a 24 oz BPA-free shaker bottle (made in America, 1 piece, price over 713 PHP).",1,Shop:1
"I'm looking for a shop that offers these items: First, a mass-market eyelash curler refill with a price above 156 PHP. Second, a car key fob cover in clear transparent color, made from TPU, with a simple plain design, and priced over 844 PHP. Third, a hair care product for hair loss concerns, costing more than 549 PHP. Can you help me find a store that sells all of these?",1,Shop:1
"Find shops offering a tool box from Greenfield with metal latch, supporting cash on delivery, and priced between 72 and 476 pesos. Also, look for a yellow Stanley vacuum cleaner (corded type), and an INGCO electric soldering iron with price above 48 pesos and type of fastening, gluing & soldering as '-'. All products should be available from the same seller.",1,Shop:1
"Find a shop offering both a moisturizing cream for all skin types that helps with dryness, in the cream color family, and priced above 497 PHP, as well as a white perfumed powder with a gorgeous scent, 125g size, sold as a single item, with free shipping and LazFlash deals.",1,Shop:1
"I'm looking for a shop that sells these three items: First, a black plain casual beach shoe for women, size EU 39, made of EVA, with a slip-on design, suitable for everyday use, and priced above 234 PHP. Second, a khaki plain women's flip flop sandal, size EU 36, with free shipping, and the price should be between 72 and 249 PHP. Third, a leopard print casual high heel beach shoe for women, size EU 39, with a round toe, made of EVA, featuring a leopard pattern, for casual occasions, available with LazMall service, and costing more than 248 PHP. Please show me shops offering all these products.",1,Shop:1
"Show me caliper measuring tools for square pipe folding.

My budget is only `151`, but I have a voucher with the following rules:
1. The voucher applies to all products.
2. It is valid only when the total price of the products exceeds `75`.
3. It provides a fixed discount of `24`.",1,Voucher:1
"I'm looking for a ladies dress in maroon, medium size, that supports cash on delivery. Also, I want another ladies dress in 5xl with LazMall benefits like guaranteed authenticity and easy returns.

My budget is only `481`, but I have a voucher with the following rules:
1. The voucher only applies to the products from the same shop.
2. It is valid only when the total price of the products exceeds `625`.
3. It provides a percentage discount of `48%` with a cap of `498`.",1,Voucher:1
"Show me LazMall kitchen strainers, plastic stackable utility racks, hair care sets with free delivery, and hangers with clips.

My budget is only `228`, but I have a voucher with the following rules:
1. The voucher only applies to the products from the same shop.
2. It is valid only when the total price of the products exceeds `109`.
3. It provides a fixed discount of `20`.",1,Voucher:1
Find books that support pay on delivery and cost over 120 PHP.,1,Product:1
Show me boys' waterproof backpacks priced from 759 to 1281 pesos.,1,Product:1
"Looking for a power extension with 2 outlets, available in LazMall, priced above 723 PHP.",1,Product:1
"Find a shop that offers these items: (1) A battery spring contact plate in color option 04; (2) A set of 100 double rubber plugs for glasses, priced between 75 and 95 pesos; (3) A metal pipe tap tool in g1/2 color, with free shipping, cash on delivery, and a price from 55 to 66 pesos; (4) A wooden sword stand in a2 color, made of brass chrome, with a plaid design, available through LazMall and costing more than 1 peso. The shop should sell all these products.",1,Shop:1
"Find shops offering shirts for kids where one product is suitable for ages 5-6 years (130cm), comes with free delivery, and costs more than 5 PHP. Another product should be a kids' shirt in color 304, fits 9-10 years (150cm), has short sleeves, is recommended for 3-4 years, made from polyester, from a generic brand, and is priced between 166 and 169 PHP.",1,Shop:1
"Looking for coffee in a box with a strong, sugar-free flavor, and also searching for connector adapters like Type C to Mini USB or Micro USB.

My budget is only `222`, but I have a voucher with the following rules:
1. The voucher applies to all products.
2. It is valid only when the total price of the products exceeds `59`.
3. It provides a percentage discount of `19%` with a cap of `52`.",1,Voucher:1
"Looking for fishing line products: one in gray, another in grey, and a third in orange that's 300 meters long.

My budget is only `368`, but I have a voucher with the following rules:
1. The voucher only applies to the products from the same shop.
2. It is valid only when the total price of the products exceeds `311`.
3. It provides a percentage discount of `21%` with a cap of `246`.",1,Voucher:1
"I'm looking for a women's two-piece set made from standard material, a dark grey yoga jacket in XXL from OEM, a grey casual crossbody bag with a simple nylon design, and blue women's loafers in EU size 37.

My budget is only `1159`, but I have a voucher with the following rules:
1. The voucher only applies to the products from the same shop.
2. It is valid only when the total price of the products exceeds `1152`.
3. It provides a percentage discount of `24%` with a cap of `919`.",1,Voucher:1
"I'm looking for women's shorts in medium size, apricot color, suitable for casual wear, with a high waist, short length, made of polyester, and an A-line cut. Also, I want a waterproof vinyl sticker featuring Killua from Hunter X Hunter. Additionally, I need a blue silicone protective case for the Aegis Solo 2 S100 that comes with free shipping. Lastly, I'm searching for a Stanley brand tape measure, 10 meters long.

My budget is only `957`, but I have a voucher with the following rules:
1. The voucher applies to all products.
2. It is valid only when the total price of the products exceeds `645`.
3. It provides a percentage discount of `26%` with a cap of `466`.",1,Voucher:1
"Looking for a black ABS pipe fitting, 125mm size, priced from 26 to 82 PHP.",1,Product:1
Show me ratchet wrenches with a 3/8 size and a price above 97 PHP.,1,Product:1
"Looking for a radiator tank for Ford vehicles with complimentary shipping, priced from 517 to 1423 PHP.",1,Product:1
Show me stainless steel kitchen tools priced above 78 pesos.,1,Product:1
Show me anime garage kits for boys that cost more than 26 PHP.,1,Product:1
"Find a shop offering at least these four items: (1) curtains made of silicone, with an aesthetic style, and free shipping; (2) blackout drapes sized 140x160cm, made from polyester, with blackout features, and priced above 1 PHP; (3) a rectangular tablecloth sized 90*140cm, from h.cheng home, crafted from a polyester blend, available for cash on delivery, and costing more than 16 PHP; (4) a dormitory bed curtain sized 120*200cm, from h.cheng home, with free shipping. Only show shops that sell all these products.",1,Shop:1
"I'm looking for a shop that offers a black makeup brush set with LazFlash deals and costs more than 21 pesos, a moisturizing body lotion and soap set that's paraben-free, mass market, and priced between 13 and 58 pesos, and also some sunflower false eyelashes that don't need glue, with a price range of 14 to 45 pesos. Please show me shops selling these types of products.",1,Shop:1
"I'm looking for a shop that offers these items: a carbon fiber pickleball paddle set under racket sports; mountaineering or cycling knee and elbow pads for motorcycles, priced from 69 to 475 PHP; an inflatable swimming board floatie with a canopy, available with LazFlash deals and costing more than 5 pesos; and a top-rated manual can opener for the kitchen, priced between 78 and 389 PHP. Please show me shops that have all these products.",1,Shop:1
"I'm looking for a shop that offers both an access control card reader priced above 1049 PHP, and a large rubber table mat for games with a black and green variation, a video games pattern, and costing more than 550 PHP.",1,Shop:1
"Show me red pet beds that are currently on LazFlash deals.

My budget is only `371`, but I have a voucher with the following rules:
1. The voucher applies to all products.
2. It is valid only when the total price of the products exceeds `221`.
3. It provides a fixed discount of `91`.",1,Voucher:1
"I'm looking for a white pencil in the stationery category, a 275-17 size universal motocross tire, a soldering iron type welder, and a rechargeable portable speaker with power usage between 1 and 500.

My budget is only `1013`, but I have a voucher with the following rules:
1. The voucher applies to all products.
2. It is valid only when the total price of the products exceeds `518`.
3. It provides a fixed discount of `216`.",1,Voucher:1
"Looking for a silver nail remover in the nail care category, available with LazMall perks, and priced above 26 pesos.",1,Product:1
"Looking for a handheld microphone with wired connectivity, xlr plug, and power usage between 500 and 1000. Price should be above 9 PHP.",1,Product:1
Show me fruit blenders with smart control that support cash on delivery and cost above 559 PHP.,1,Product:1
"Looking for a shock-resistant phone case for vivo y51 in silver, with cash on delivery available.",1,Product:1
"Looking for multipack headlight bulbs with a white-yellow light, priced from 5 to 89 pesos.",1,Product:1
Show me black hydrogen water bottles that cost more than 41 pesos.,1,Product:1
"Find women's t-shirts in XL with a round neck, short sleeves, made of 95% polyester and 5% spandex, and priced above 49 PHP.",1,Product:1
"Find shops offering these items: an engine treatment in 1liter size, amber color, priced above 504 PHP; a waterproof motorcycle cover for Yamaha Mio Sporty, costing more than 47 PHP; a black motor cover for Yamaha Mio Gear, with 'products only' service, over 43 PHP; and a footboard matting for Yamaha Mio I 125, priced above 367 PHP. Show only shops that sell all these products.",1,Shop:1
"I'm looking for a shop that offers these items: First, a kids' costume set from the 'elsa' brand, priced above 66 PHP. Second, a women's coin purse in purple, made of corduroy, with a price between 19 and 96 PHP. Third, a computer wrist rest in color option 3, available with cash on delivery, and costing more than 82 PHP.",1,Shop:1
"Find a shop offering these items: a round tire patch for bicycle and motorcycle inner tubes with LazMall service and price above 9 PHP; an aluminum alloy bike handlebar, 780mm in size, gold color, costing more than 263 PHP; a pair of half-finger cycling gloves, size L, red color, from brand j&k, priced over 25 PHP; and a set of 3pcs tire patch glue for bikes.",1,Shop:1
"I'm looking for a shop that offers these items: First, a muscle tee for women in hot pink, made from cotton spandex, with a regular fit. Second, a drop shoulder long sleeve shirt and wide leg shorts set in black, casual style, available for cash on delivery, and priced above 82 pesos. Third, a one piece swimwear in black, medium size, regular fit, crafted from alternative materials, from the brand Kily, and priced between 320 and 527 pesos. Lastly, a ribbed knitted croptop camisole in brown, from Kily, with a square neckline, and priced from 12 to 59 pesos. Please show me shops that have all these clothing items.",1,Shop:1
"Looking for a smart TV remote control and Excellabs brand chain maintenance kit with tire inflator. Show me options in TV accessories and bike maintenance.

My budget is only `412`, but I have a voucher with the following rules:
1. The voucher applies to all products.
2. It is valid only when the total price of the products exceeds `64`.
3. It provides a percentage discount of `15%` with a cap of `52`.",1,Voucher:1
"I'm looking for a kids go-kart suitable for ages 2-3 years, with 4-inch wheels, ideal for sports-loving children aged 3-8, and available with LazMall services. Also, I want a waterproof wall skirting sticker with LazFlash deals. Lastly, I'm interested in a plain, casual Japanese-style schoolbag for women.

My budget is only `3068`, but I have a voucher with the following rules:
1. The voucher only applies to the products from the same shop.
2. It is valid only when the total price of the products exceeds `2752`.
3. It provides a fixed discount of `752`.",1,Voucher:1
"I'm looking for a green unisex kids ride-on toy, a pink plain nylon women's mini crossbody bag with LazFlash deals, red or blue casual PE flip flops with a plain design and free shipping, and a stainless steel cookware set that's suitable for gas stoves.

My budget is only `1180`, but I have a voucher with the following rules:
1. The voucher only applies to the products from the same shop.
2. It is valid only when the total price of the products exceeds `400`.
3. It provides a percentage discount of `15%` with a cap of `276`.",1,Voucher:1
"Find guyabano juice that is organic and comes in glass bottles. Also, look for a traditional style clay pot. Additionally, search for a glass bottle dispenser with a gold pump, comes with a lid, and is available for cash on delivery.

My budget is only `563`, but I have a voucher with the following rules:
1. The voucher only applies to the products from the same shop.
2. It is valid only when the total price of the products exceeds `296`.
3. It provides a percentage discount of `26%` with a cap of `163`.",1,Voucher:1
Show me premium single-piece natural volume m-curl eyelashes that come with LazMall authenticity and LazFlash special deals.,1,Product:1
Show me cupcake toppers related to sleeping beauty that are available for cash on delivery and cost more than 21 pesos.,1,Product:1
Show me pretzels in a bag that cost more than 120 pesos.,1,Product:1
Show me brake pads for Honda with a cost above 677 PHP.,1,Product:1
Looking for back cover glue for s20 plus with input voltage set to the attribute value and power usage between 500 and 1000 in phone accessories.,1,Product:1
"I'm looking for a shop that offers multiple items, specifically: a Realme LCD display, a Realme C21Y LCD touch screen with a price above 162 PHP, and a Huawei LCD display with a price over 146 PHP. Can you help me find such a store?",1,Shop:1
"Find a shop offering sneakers that has at least these three products: First, a unisex high-top casual sneaker in gray, size 45, made of canvas with an embroidered pattern, and LazMall service for authenticity and easy returns. Second, a men's espadrille-style sneaker in redblack, size 45, crafted from canvas and leather, with an embroidered design, suitable for casual occasions. Third, a unisex low-cut sneaker with lace-up closure, embroidered pattern, and priced between 493 and 998 PHP.",1,Shop:1
"Find shops offering women's blouses that have an XL size in blue, with a plain pattern, v-neck, cuffed sleeves, and are plus size. Also, look for stores selling women's tops in pink, size L, with cuffed sleeves, a polo collar, short sleeves, and priced above 186 PHP.",1,Shop:1
"Find a shop offering both an outdoor tool carabiner priced between 48 and 80 pesos, and a pack of 100 fishing crimp sleeves with a 1.0mm color family. Show me stores that have these items together.",1,Shop:1
"I'm looking for a Bluetooth receiver in the bavin brand with bluetooth version 1, low power usage between 1 and 500, and available with LazMall services. Also, I want a karaoke player that connects via USB, uses wired microphones, has a 2-pin plug, echo control feature, two mic inputs, handheld type, and is offered with LazFlash deals. Lastly, I'm searching for a clear phone case for realme c30, with a movies & music theme, shockproof function, case style, made by xicci, and compatible with oppo phones.

My budget is only `1752`, but I have a voucher with the following rules:
1. The voucher applies to all products.
2. It is valid only when the total price of the products exceeds `1609`.
3. It provides a fixed discount of `722`.",1,Voucher:1
"I'm looking for a stainless steel food container, large size, international style, that comes with free shipping and is available on LazFlash for special deals. Also, I want a blue car sticker decal, a women's cotton t-shirt in small size, and a nylon smartwatch strap for Aolon Curve 2 that is sold with LazMall benefits.

My budget is only `348`, but I have a voucher with the following rules:
1. The voucher applies to all products.
2. It is valid only when the total price of the products exceeds `372`.
3. It provides a percentage discount of `23%` with a cap of `161`.",1,Voucher:1
"Show me a kitchen knife crafted from rust-proof aluminium, and a TNT brand sim card that supports cash on delivery.

My budget is only `250`, but I have a voucher with the following rules:
1. The voucher only applies to the products from the same shop.
2. It is valid only when the total price of the products exceeds `79`.
3. It provides a fixed discount of `36`.",1,Voucher:1
"Looking for round women's watches with stainless steel straps, shockproof feature, and mineral glass dial. Also interested in unisex watches with light blue rubber straps, mineral glass, red color, quartz movement, and a reputable brand. Additionally, searching for gold women's watches with round cases, power reserve feature, and a genuine branded label.

My budget is only `308`, but I have a voucher with the following rules:
1. The voucher only applies to the products from the same shop.
2. It is valid only when the total price of the products exceeds `191`.
3. It provides a percentage discount of `36%` with a cap of `108`.",1,Voucher:1
Show me oem brand wind guide cover for butterfly motorcycle models that cost more than 63 PHP.,1,Product:1
"Show me transparent fruity perfumes from rc brand, masstige category, in travel size, sold as single item, with free delivery, priced between 29 and 281 PHP.",1,Product:1
Looking for a cutting board with model cutting board,1,Product:1
"Show me retro black wooden calendars with a seasonal vibe and pattern, priced above 120 PHP.",1,Product:1
"Looking for a shop that offers these items: First, a racer car-themed kids' birthday outfit for 1-year-old boys, priced above 413 PHP. Second, a sailor moon-inspired a-line dress for kids, plain design, sleeveless, and costs more than 52 PHP. Third, a BINI PPOP hair bow for kids with free shipping and LazFlash deals, priced between 7 and 81 PHP. Please show shops selling all these products.",1,Shop:1
"Find shops offering a waterproof face powder priced above 43 PHP and also selling glue-free false eyelashes with 02# length, d curl, natural volume, from the dazhom brand under masstige classification, costing more than 2 PHP.",1,Shop:1
"I'm looking for a buy 1 take 1 plumber’s wrench with an extra-long design, specifically under wrenches, and it should be available with LazFlash deals. Also, I need a 1000ml male urinal bottle for travel or emergencies, with no specific model, and it must be from LazMall. Lastly, I'm searching for a lilac 2xl basic graphic t-shirt made of polyester with a printed pattern.

My budget is only `462`, but I have a voucher with the following rules:
1. The voucher applies to all products.
2. It is valid only when the total price of the products exceeds `147`.
3. It provides a fixed discount of `61`.",1,Voucher:1
"I'm looking for kids clothing in size 8, pack of 3, suitable for height 80-100cm, and must be LazMall for authenticity and easy returns. Also, I need marine hardware in color c, made from stainless steel. Lastly, show me women's tote bags with animal print, crafted from bamboo, and offering free delivery.

My budget is only `896`, but I have a voucher with the following rules:
1. The voucher applies to all products.
2. It is valid only when the total price of the products exceeds `308`.
3. It provides a fixed discount of `111`.",1,Voucher:1
I'm looking for B20 cast bronze crash cymbals. Can you show me some hybrid ghost options?,1,Product:1
Show me garmin running watches priced from 11229 to 23336 PHP.,1,Product:1
Show me wig stands in style1 black that cost more than 53 PHP.,1,Product:1
I'm looking for a flywheel pulley kit priced from 28 to 266 PHP.,1,Product:1
"Looking for premium black shock absorbers compatible with yamaha nmax v2, priced from 2692 to 14104 PHP.",1,Product:1
"Looking for a women's bikini in plus size, color blue, with a floral design and size L. Please show only LazMall items that support cash on delivery, priced between 2 and 591 PHP.",1,Product:1
"Looking for a shop that sells all of these: a lunch bag in elegant blue, a pair of black pointed toe stiletto heels in size 35 with LazMall service, and a dark brown yoga bag. Please make sure the shoes are stiletto style and the lunch bag and yoga bag match the mentioned colors.",1,Shop:1
"I'm looking for a shop that offers these items: First, a wall sticker for women with color option 2, made from pvc, and costs more than 26 pesos. Second, a polyester waxed thread in navy blue. Third, a high pressure water pipe nozzle priced above 148 pesos. Lastly, a wireless doorbell (door bell type) that supports cash on delivery and is priced over 89 pesos. Please show me shops that have all these products.",1,Shop:1
I'm looking for a shop that offers both a BENINCA gate opener remote and a BOSE Wave Music System IV remote (model: attributes_model). Please show stores selling these types of remotes.,1,Shop:1
"I'm looking for an air filter compatible with mio soul i 125, another air filter for a Honda bike, a Shinagawa adjustable interrupter relay that's available with LazFlash deals, and a flyball for models like mio i 125s or nmax.

My budget is only `671`, but I have a voucher with the following rules:
1. The voucher only applies to the products from the same shop.
2. It is valid only when the total price of the products exceeds `344`.
3. It provides a fixed discount of `80`.",1,Voucher:1
"I'm looking for these items: a MARUI battery for MR-UV1, a MARUI (KENWOOD) antenna for TK3207 that can be paid for with cash on delivery and is available with a LazFlash deal, a MARUI (MOTOROLA) battery for GP-88 with a LazFlash promotion, and a MARUI (ICOM/MOTOROLA/KENWOOD) speaker microphone that's nearby (distance 0), comes with free shipping, and has a LazFlash offer. Please show me these products.

My budget is only `2482`, but I have a voucher with the following rules:
1. The voucher only applies to the products from the same shop.
2. It is valid only when the total price of the products exceeds `842`.
3. It provides a fixed discount of `371`.",1,Voucher:1
"Show me blackish green TPU phone cases for Vivo V20 Pro that are dirt resistant, compatible with Vivo phones, and available as cases, preferably with LazMall perks like authenticity guarantee, easy returns, fast shipping, and cash on delivery. Also, I'm looking for VangieCreations 10K loop earrings.

My budget is only `619`, but I have a voucher with the following rules:
1. The voucher applies to all products.
2. It is valid only when the total price of the products exceeds `488`.
3. It provides a fixed discount of `113`.",1,Voucher:1
"Looking for oval sunglasses with a champagne frame and black color, made of plastic, from OEM brand, suitable for both men and women. Please show only items with free delivery and LazFlash deals.",1,Product:1
"Find shops offering a spare wheel lock priced between 1174 and 2060 PHP, a car cover for Chevrolet Sonic Hatchback with cash on delivery and LazFlash deals above 119 PHP, a citrus car air freshener over 124 PHP, and a red metal skid plate for Isuzu Crosswind. Show only shops selling all these items.",1,Shop:1
"I'm looking for a shop that offers several items: First, a manual tool in the needle category. Second, a needle product from the oem brand, priced above 204 PHP. Third, a suture needle with free shipping and a price over 87 PHP. Can you help me find a store that sells all these?",1,Shop:1
"Find baking pans that are medium color, made of aluminum, oven-friendly, rectangular loaf shape, and available with LazMall services. Also, look for bowls in a contemporary style, 14 cm diameter, set of 3 red pieces.

My budget is only `92`, but I have a voucher with the following rules:
1. The voucher only applies to the products from the same shop.
2. It is valid only when the total price of the products exceeds `44`.
3. It provides a fixed discount of `22`.",1,Voucher:1
"I'm looking for universal motorcycle indicator lights, specifically a 2-piece set, that fits any make or model and can be paid for with cash on delivery.",1,Product:1
Looking for a white makeup bag with LazFlash deals.,1,Product:1
"I'm looking for a shop that sells several Dutch Boy paint products. First, I want a flat finish glazing putty with LazMall and LazFlash deals, priced between 166 and 357 pesos. Next, I need a Versatex low profile paint with LazMall service, costing over 544 pesos. Also, I'm searching for a satin finish concrete & floor paint with LazFlash promotion, priced above 844 pesos. Lastly, I want a gloss finish quick drying enamel with free shipping, and the price should be more than 246 pesos. Can you show me shops that offer all these?",1,Shop:1
"Looking for a shop that offers standard scissors in yellow green, 6 inches, priced above 32 PHP; dog food suitable for all ages with active health benefits, over 25 PHP; and a green 3L storage box made of PP plastic, categorized as boxes, with LazMall service included.",1,Shop:1
"Find shops offering cotton hijab instant in dusty color priced from 210 to 315 PHP, and also selling brown shawl style hijabs for over 286 PHP.",1,Shop:1
"Find shops offering both an upgrade model water purifier with activated carbon filtration, 200 capacity, from trouwids brand, and a water filter component by trouwids priced above 87 PHP.",1,Shop:1
"Looking for a shop offering silver stainless steel rings in size 10 with stainless steel as the gemstone and material, as well as stores selling wholesale mixed style earrings.",1,Shop:1
"Find shops offering multiple crocs products. First, look for kids' slippers in the shoes category with size c10, color white, decorated with a charm, from the crocs brand, and free shipping included. Next, search for women's platform sandals in white, made of rubber, from crocs, with LazMall service, cash on delivery, and priced above 292 PHP. Also, include men's sandals in dark blue from crocs. Lastly, find unisex clogs in coffee color, size m9, with a price over 2193 PHP.",1,Shop:1
"Show me green jade necklaces from feng shui by pakbet tv that are currently available with LazFlash deals.

My budget is only `1162`, but I have a voucher with the following rules:
1. The voucher applies to all products.
2. It is valid only when the total price of the products exceeds `629`.
3. It provides a fixed discount of `182`.",1,Voucher:1
"Find a replacement strap for redmi watch 5 active in grey color, compatible with redmi watch 5 active. Also, show me a brightening serum with vitamin c for all skin types, targeting dark spots and hyperpigmentation, and available with cash on delivery. Lastly, I'm looking for crochet yarn.

My budget is only `476`, but I have a voucher with the following rules:
1. The voucher applies to all products.
2. It is valid only when the total price of the products exceeds `125`.
3. It provides a fixed discount of `56`.",1,Voucher:1
"Show me clear tempered glass screen protectors compatible with samsung galaxy a72 5g, 4in1 variation, and free shipping. Also, I'm looking for black full rim square reading glasses with +2.00 optical power for men from eo executive optical. Next, find organic garlic powder in plastic bottles from no brands that can be paid for with cash on delivery. Lastly, list any roll pin punch tool kits available with cash on delivery.

My budget is only `1574`, but I have a voucher with the following rules:
1. The voucher applies to all products.
2. It is valid only when the total price of the products exceeds `359`.
3. It provides a fixed discount of `101`.",1,Voucher:1
"Show me lego brand building sets for unisex kids aged 8+ who love animals and nature, with LazMall authenticity and fast returns.",1,Product:1
"Looking for a shop that offers these items: 1) A premium regular size purple fragrance oil for humidifiers, single item, 1000ml, from luxuiria. 2) A premium regular size yellow green fragrance oil, single item, 1000ml, with odour control, priced between 59 and 461 PHP. 3) A fragrance oil with odour control, LazMall service, and price above 331 PHP. 4) A 2pcs set of 70g soap with vitamins, regular size, 2024 series, from luxuiria. Please show shops selling all these products.",1,Shop:1
"Find a shop offering both: (1) organic fertilizer in 1/2 kg size and (2) organic fertilizer in 9-10 kg size, with the second product being a LazFlash deal, priced above 69 PHP. The second item should be an organic fertilizer. Show shops selling both items in the gardening supplies category.",1,Shop:1
Find shops offering a stainless steel strainer priced above 133 PHP and a glass measuring cup (Erlenmeyer flask) with a price between 82 and 825 PHP.,1,Shop:1
"Find shops offering a motorcycle tool from oem priced above 420 PHP, and also a car brake tool costing over 117 PHP.",1,Shop:1
"Looking for a shop offering drawing paper with LazFlash deals and priced above 163 PHP, gold stamping foil rolls made of foil material, suitable for laser printers and type 'os', and pattern paper packs larger than 51 PHP. Please show stores that carry all these items in their stationery selection.",1,Shop:1
"Show me rubber hair accessories without any stones, and also universal dual USB car chargers from kebidu that work with tablets.

My budget is only `150`, but I have a voucher with the following rules:
1. The voucher applies to all products.
2. It is valid only when the total price of the products exceeds `74`.
3. It provides a fixed discount of `20`.",1,Voucher:1
Show me supplements priced above 189 pesos that match Muscletech Celltech Creactor 120 Servings.,1,Product:1
"Show me baseball caps in size a7 with free delivery and LazFlash deals, priced above 44 PHP.",1,Product:1
"Show me chandeliers with a 30cm size, white bulb color, fixture width between 10 and 14 inches, plug type CN, power usage from 1 to 500, input voltage 220v, and price above 552 PHP.",1,Product:1
"Find green tent covers sized 2x2m with 000mm water resistance and waterproof feature. Also, look for red tent covers (only top) with 001mm - 8 water resistance, metal poles, fits 3 people, and available with LazMall services like authenticity guarantee and fast returns.

My budget is only `810`, but I have a voucher with the following rules:
1. The voucher only applies to the products from the same shop.
2. It is valid only when the total price of the products exceeds `386`.
3. It provides a fixed discount of `115`.",1,Voucher:1
"I'm looking for some Elecom products. First, a black polyester gadget pouch and organizer. Next, a black storage pouch with a simple pattern. Also, a sand beige polyester backpack that's not water-resistant and can be paid for with cash on delivery. Lastly, a polyester laptop bag.

My budget is only `7056`, but I have a voucher with the following rules:
1. The voucher only applies to the products from the same shop.
2. It is valid only when the total price of the products exceeds `4445`.
3. It provides a fixed discount of `726`.",1,Voucher:1
Show me carbon fiber pickleball paddles with complimentary shipping and a cost between 402 and 2395 PHP.,1,Product:1
"Looking for a music box in the happy birthday color family, preferably from the Harry Potter collection.",1,Product:1
Show me energy saving light bulbs from LazMall that cost over 160 PHP.,1,Product:1
Looking for a barbell bar priced from 73 to 351 pesos.,1,Product:1
"Looking for brown roll paper in the 4pcs color family, size 110mm, that comes with adhesive, from oem brand, and costs over 154 PHP.",1,Product:1
Show me mini toys that allow payment upon delivery and cost under 204 PHP.,1,Product:1
Looking for kleenfant brand pull-up style baby diapers in the pants category.,1,Product:1
"Looking for Nutricost brand milk thistle supplement with free delivery, priced under 1314 PHP.",1,Product:1
"Find shops offering both streetwear leggings sets for kids with a nature-inspired design and Halloween dresses for toddlers in orange. The leggings set should come with free shipping and cost over 30 PHP, while the Halloween dress should be available with LazMall perks and priced above 6 PHP.",1,Shop:1
"I'm looking for a shop that sells both a drain valve for LG inverter washing machines with LazMall benefits like guaranteed authenticity and easy returns, and a racing game handbrake for PC that comes with free delivery. Can you help me find such a store?",1,Shop:1
"Find shops offering these items: First, a foam box for cakes and picnics that is waterproof and available in a single piece. Second, a kids lunch box made from bamboo, priced between 109 and 1442 PHP. Third, a Marvel-themed lunch bag in the color lunchbag, costing over 618 PHP. All items should be from the same seller.",1,Shop:1
"Find a shop offering a clutch spring for Honda motorcycles, an insulator manifold for Wave 125 with cash on delivery and priced above 7 PHP, and a motor lock for TMX costing more than 73 pesos.",1,Shop:1
"Find shops offering a round wooden coffee table priced above 1026 PHP, and also selling a stainless portable kitchen sink with a standard spout faucet, benchtop fitting, and a price ranging from 988 to 3014 PHP.",1,Shop:1
"Find shops offering both corn seeds priced above 150 PHP and organic chia seeds in a 250g bag, with chia seeds being the grain type and packaged in a bag.",1,Shop:1
"Find a shop offering these items: a spring buffer with delivery time between 2 and 3 days and supports cash on delivery; a front strut bar from ultra racing brand, also available for cash on delivery and priced under 12475 PHP; and a spring buffer XL size with a price below 3509 PHP.",1,Shop:1
"I'm looking for a mini guitar amp, a USB audio interface for recording, a mono DI box for live sound, and a 2-in/2-out audio interface that comes with LazMall perks like authenticity guarantee, easy returns, fast shipping, and also offers free delivery.

My budget is only `25522`, but I have a voucher with the following rules:
1. The voucher only applies to the products from the same shop.
2. It is valid only when the total price of the products exceeds `10164`.
3. It provides a percentage discount of `41%` with a cap of `8398`.",1,Voucher:1
"Looking for souvenir t-shirts. First, I want a white cotton shirt in size 16 with LazFlash deals. Next, a white short sleeve shirt in size 12. Also, a basic graphic short sleeve tee in size large with LazMall service. Lastly, a crew neck cotton shirt in white or black, size large, with a printed pattern and short sleeves.

My budget is only `707`, but I have a voucher with the following rules:
1. The voucher only applies to the products from the same shop.
2. It is valid only when the total price of the products exceeds `385`.
3. It provides a fixed discount of `70`.",1,Voucher:1
"Looking for a regular size kojic dark soap in dark green that helps with exfoliation, model should be kojic dark soap, and must support cash on delivery. Also searching for a purple kids' leotard in large size suitable for badminton, for children aged 6-10, with cash on delivery available.

My budget is only `454`, but I have a voucher with the following rules:
1. The voucher applies to all products.
2. It is valid only when the total price of the products exceeds `269`.
3. It provides a fixed discount of `92`.",1,Voucher:1
"I'm looking for wireless mouse covers for the Razer Viper Ultimate. One should be in pink, and the other in black with wireless capability.

My budget is only `1208`, but I have a voucher with the following rules:
1. The voucher only applies to the products from the same shop.
2. It is valid only when the total price of the products exceeds `263`.
3. It provides a fixed discount of `63`.",1,Voucher:1
"Looking for plush toys in holster b color, size 200cm only skin, suitable for kids, model 30-200cm, and priced above 226 PHP.",1,Product:1
"Show me a workbook from master books about math, with free delivery, and priced under 4702 PHP.",1,Product:1
"Looking for a men's ring in silver color, size 12, made of stainless steel, with no gemstones, weighing 20g, featuring a gold accent, and priced under 387 PHP.",1,Product:1
"Show me black kids pants in size 12, with a free size fit for both age and height, and with a back garter style.",1,Product:1
Looking for a wiper linkage for a Honda City made between 1997 and 2002.,1,Product:1
"Looking for a soothing gel in milk repair shade with aloe vera fragrance, under 82 PHP.",1,Product:1
"Looking for spray paint from samurai paint brand, priced between 115 and 526 pesos.",1,Product:1
I'm looking for a velishy brand cutter blade strip in the plotter accessories category.,1,Product:1
"Find shops offering cat supplements for felines, dog shampoos for flea & tick care priced from 560 to 782 PHP, and liquid milk enhancers for cats from the papi brand priced between 392 and 563 pesos.",1,Shop:1
"Find a shop offering both kitchenware items priced above 77 PHP and a mini handheld fan with foldable features, free shipping, and a price over 96 PHP.",1,Shop:1
"Looking for a shop offering jewelry beads. First, I want silver color, 2mm size, with cash on delivery, and price under 446 PHP. Second, I need 3mm size, 18k gold color, made of metal, brand oem, and price below 326 PHP. Show shops selling both.",1,Shop:1
"Find shops offering rechargeable batteries with charger. For the first product, look for 4-piece AAA size with nimh core and aaa capacity, priced under 104 PHP. For the second, search for AAA size with free charger, rechargeable type, free shipping, and price below 104 PHP.",1,Shop:1
"Find shops offering kids jackets in beige and blue with zipper closure, size 110 (5-6 years), free shipping, and priced above 241 PHP; kids vests in grey, size 140 (7-8 years), suitable for 18 months and older, for casual use, and under 218 PHP; and kids pants in coffee alphabet color, size 130 (5-6 years), for ages 6-10, with a striped pattern, and under 201 PHP. The shop should have all these items available.",1,Shop:1
"Find shops offering both a 30mm black key ring (10 pieces) under 184 PHP and a set of 10 plain zinc alloy keychains with a waist belt clip, suitable for holding keys.",1,Shop:1
"Looking for a shop offering both a dermacare serum from The Ordinary for hair density (brand: the ordinary, price under 648 PHP) and a travel-size cream from LA ROCHE-POSAY with invisible fluid formulation, suitable for normal skin, providing ultra SPF50+ protection (price below 518 PHP).",1,Shop:1
"I'm looking for some transparent glass straws, preferably a set that comes with a cleaning brush, and also interested in a ratcheting wrench with an adapter, ideally in yellow. Additionally, I need a bar tool set that includes reusable glass straws. Can you help me find these items?

My budget is only `226`, but I have a voucher with the following rules:
1. The voucher only applies to the products from the same shop.
2. It is valid only when the total price of the products exceeds `176`.
3. It provides a fixed discount of `18`.",1,Voucher:1
"I'm looking for a durable replacement part for a washing machine, a set of two universal micro switches for a rice cooker rated at 16A, and a Samsung washing machine water inlet valve, model 520, that supports cash on delivery. Please show me options in the washing machine and rice cooker categories.

My budget is only `643`, but I have a voucher with the following rules:
1. The voucher only applies to the products from the same shop.
2. It is valid only when the total price of the products exceeds `343`.
3. It provides a percentage discount of `42%` with a cap of `174`.",1,Voucher:1
"I'm looking for a shoe dryer from dreepor that uses 150 watts of power. Also, I want plus size maroon capri shorts with a plain design, high waist, knee-length, and XXL size (34-40 inch waist). Lastly, I'm searching for men's chino pants in simply sage color, size W29 L30.

My budget is only `2485`, but I have a voucher with the following rules:
1. The voucher applies to all products.
2. It is valid only when the total price of the products exceeds `855`.
3. It provides a fixed discount of `129`.",1,Voucher:1
"Show me varta brand car batteries for volkswagen, sequined flower patches in the color no stem, and nutella multipack chocolate snacks.

My budget is only `5459`, but I have a voucher with the following rules:
1. The voucher applies to all products.
2. It is valid only when the total price of the products exceeds `5671`.
3. It provides a fixed discount of `2314`.",1,Voucher:1
"Find a laser level tool that supports payment on delivery. Also, look for a pack of 10 E14 LED bulbs with the model 10pcs-e14-t16g-0.6w-warm yellow, in warm white color, dimmable, and designed for energy efficiency.

My budget is only `311`, but I have a voucher with the following rules:
1. The voucher applies to all products.
2. It is valid only when the total price of the products exceeds `263`.
3. It provides a percentage discount of `27%` with a cap of `191`.",1,Voucher:1
"Looking for a glass beverage dispenser, a white battery holder compatible with DSLR cameras, gold mags for Mio M3 or Mio i 125, and a steel bed frame lifter in 1.2m size (2 pieces, black).

My budget is only `4878`, but I have a voucher with the following rules:
1. The voucher applies to all products.
2. It is valid only when the total price of the products exceeds `1497`.
3. It provides a percentage discount of `48%` with a cap of `888`.",1,Voucher:1
"Show me bench spray deodorants, especially those similar to body sprays.

My budget is only `110`, but I have a voucher with the following rules:
1. The voucher applies to all products.
2. It is valid only when the total price of the products exceeds `31`.
3. It provides a percentage discount of `46%` with a cap of `15`.",1,Voucher:1
"Show me poly-cotton shirts in medium size, white color, with a v-neck style, and priced under 194 PHP.",1,Product:1
"Show me pink fabric pencil cases with a zipper that are waterproof, support cash on delivery, and cost more than 7 pesos.",1,Product:1
"Show me fluffy eyelashes in 'as picture' color, curl type C, with free delivery and under 133 PHP.",1,Product:1
"Looking for a car amplifier, model bs-901, priced above 800 PHP.",1,Product:1
"Looking for a money detector in the purple light machine category, priced from 242 to 405 pesos.",1,Product:1
Show me black motorcycle jacket in medium that supports cash on delivery and costs under 1603 PHP.,1,Product:1
"Looking for a red leather watch organizer with a real glass top, brand new with tags, priced between 345 and 1061 PHP.",1,Product:1
Looking for a mountain bike tire with a 26 inch wheel size and the model maxxis 26x1.38.,1,Product:1
"Looking for a computer desk with screw accessories, made from tabak solid wood, standard shape, ergonomic features, net height of 750mm, and designed for computer use. Price should be under 1465 PHP.",1,Product:1
"Find shops offering both a mouth spray in the oral care category with spec as b set and price above 38 PHP, and a silicone scalp massager in the hair care category with specification set to default and sold as a single item.",1,Shop:1
"Find a shop offering multiple items in the stickers category where: one item is red, sized 40 cm by 48 cm, supports cash on delivery, and costs under 229 PHP; another is pink, sized 45 cm by 70 cm, and costs less than 608 PHP; a third is brown, sized 35 cm by 47 cm, comes with free shipping, and is priced below 737 PHP; and a fourth is customizable in color, sized 90 cm by 26 cm, and priced between 191 and 337 PHP.",1,Shop:1
"Find shops selling pants where one product is black, size small, plus size fit, plain pattern, Korean style, elastic waist, made of cotton, supports cash on delivery, and costs under 398 PHP. Also, the shop should offer another pair of pants in yellow, size medium, 85-90cm length, regular fit, plain pattern, made from poly-cotton, with a high waist, regular cut, and also available for cash on delivery.",1,Shop:1
"Find a shop offering both a premium travel size perfume with a 4ml volume, single item pack, and a scent described as 'for 50ml', priced above 36 pesos, as well as a premium travel size perfume with an amethyst fragrance, priced under 253 pesos.",1,Shop:1
"Find shops offering these items: First, a columnar book with 1 piece in a set and priced below 100 pesos. Second, a notebook cover set (10 pieces), in portrait orientation, transparent design, and costing more than 15 pesos. Third, a notebook cover with filing type 'notebook cover' and price under 124 pesos.",1,Shop:1
"Find shops offering these items: First, an Anker USB-C hub with 4 USB 3.0 ports, priced above 2109 PHP. Second, an Anker 100W USB-C to USB-C cable supporting fast charging and USB data transfer, for less than 572 PHP. Third, a black Anker USB-C to Lightning cable (1.8 meters), lightning connector, USB2 speed up to 480mbps, model a8633-1.8m or a8632-0.9m, under 1346 PHP. Fourth, a green Anker Nano Charger 20W PIQ 3.0, compatible with any brand, input voltage 100-240V, power usage between 1 and 500, and costs more than 372 PHP.",1,Shop:1
"I'm looking for a shop that offers these items: First, a mobile phone cooler in black that connects via USB, works with 5v input, uses a type c plug, and costs under 183 pesos. Second, a black car camera with a price below 1074 pesos. Third, a USB to VGA adapter priced above 103 pesos. Lastly, a pair of black in-ear wireless earbuds with a built-in mic, Bluetooth support, power usage between 1 and 500, and priced over 1 peso.",1,Shop:1
"Looking for a shop offering these: First, a workbook for kids with a barbie theme, barbie on the front, 80 pages of mixed activities, suitable for ages 3-4, type is workbook, personalized workbook style, and price above 83 PHP. Second, a booklet in Tagalog with a girl-2 cover, regular A4 size, under 139 PHP. Third, an educational wall chart for kids, laminated with a solar system design, and good for any gender.",1,Shop:1
"Find shops offering oversized t-shirts that match these preferences: First, a white, XL, animal print, cotton, casual, oversized fit tee under 397 PHP. Second, a white, small, oversized fit, cotton, short sleeve, anime style tee with cash on delivery, priced below 416 PHP. Third, a black, large, graphic print, crew neck oversized t-shirt under 571 PHP. Fourth, a white, medium, crew neck, cotton oversized t-shirt for less than 402 PHP.",1,Shop:1
"Show me auxiliary lights that fit any motorcycle and come with complimentary shipping, plus Ford brand brackets for sub tanks.

My budget is only `2353`, but I have a voucher with the following rules:
1. The voucher only applies to the products from the same shop.
2. It is valid only when the total price of the products exceeds `2567`.
3. It provides a fixed discount of `983`.",1,Voucher:1
"Looking for a car accessory in gun color from oem brand; a pest control item with model je258580 and free shipping; a Samsung earphone case that's transparent, made of silicone, with both free shipping and cash on delivery; and a set of mini glass jars in 5ml color, 10ml set size, and free shipping.

My budget is only `455`, but I have a voucher with the following rules:
1. The voucher applies to all products.
2. It is valid only when the total price of the products exceeds `276`.
3. It provides a percentage discount of `26%` with a cap of `95`.",1,Voucher:1
"Looking for gray cement compound products

My budget is only `1321`, but I have a voucher with the following rules:
1. The voucher applies to all products.
2. It is valid only when the total price of the products exceeds `1027`.
3. It provides a fixed discount of `277`.",1,Voucher:1
"Looking for a yellow Yamaha universal motorcycle shock absorber, women's animal print plush slippers in leopard thick bottom white size 36-37, a 2.7L hypoallergenic Persil liquid laundry detergent in a bottle, and a single bottle of EDTA root canal cleaning solution.

My budget is only `5880`, but I have a voucher with the following rules:
1. The voucher applies to all products.
2. It is valid only when the total price of the products exceeds `2833`.
3. It provides a percentage discount of `10%` with a cap of `2126`.",1,Voucher:1
"Looking for a solar fan with 110W energy use, and another in white color. Also searching for a countertop blender in light grey that can crush ice, has a large feed chute, 1 speed plus pulse setting, and is an OEM model. Additionally, need a light grey countertop blender with a plastic jug, OEM brand, and 1-liter jug size.

My budget is only `2687`, but I have a voucher with the following rules:
1. The voucher only applies to the products from the same shop.
2. It is valid only when the total price of the products exceeds `3195`.
3. It provides a percentage discount of `43%` with a cap of `1443`.",1,Voucher:1
"Looking for a dog bed in black, XXL size, suitable for medium breeds. Also interested in a grey pet bed, medium size, from OEM brand. Both should be comfortable and cozy for dogs.

My budget is only `705`, but I have a voucher with the following rules:
1. The voucher only applies to the products from the same shop.
2. It is valid only when the total price of the products exceeds `474`.
3. It provides a fixed discount of `225`.",1,Voucher:1
"Looking for glass jars in a modern style, silver color, with a 120ml capacity, model starsilver. Also interested in glass jars in white, model 150ml lapat, with a seal included.

My budget is only `851`, but I have a voucher with the following rules:
1. The voucher only applies to the products from the same shop.
2. It is valid only when the total price of the products exceeds `226`.
3. It provides a percentage discount of `35%` with a cap of `143`.",1,Voucher:1
"Looking for filipino multipack meat products with other herbs, halal certified, from meat magic brand, packed in a box. Also searching for regular size herbal liniment oil, 120ml bottle. Additionally, interested in vegan meat options like tocino, packed in cans.

My budget is only `2183`, but I have a voucher with the following rules:
1. The voucher only applies to the products from the same shop.
2. It is valid only when the total price of the products exceeds `977`.
3. It provides a percentage discount of `37%` with a cap of `875`.",1,Voucher:1
"I'm looking for a canvas wall art featuring an abstract design, sized 40x60cm with a wooden inner frame. The color family should match 40x60cm inner framed, and the material needs to be canvas. I'm interested in canvas print artwork.

My budget is only `230`, but I have a voucher with the following rules:
1. The voucher applies to all products.
2. It is valid only when the total price of the products exceeds `73`.
3. It provides a percentage discount of `29%` with a cap of `24`.",1,Voucher:1
"Show me diapers for babies aged 0 to 3 years, with a pack of 48, and costing under 1028 pesos.",1,Product:1
"Looking for indoor plant seeds in white color from a generic brand, priced above 1 PHP, with free delivery and cash on delivery options.",1,Product:1
"Looking for flat pliers with teeth, specifically the 6 inch flat bit tongs (teeth) variant, priced under 377 PHP.",1,Product:1
"Looking for a bar faucet made from zinc alloy, in the jf-1011 1/2x2 color family, priced under 139 pesos.",1,Product:1
"Looking for black mags for Honda Wave 100, suitable for front and rear drum brakes, priced under 7058 PHP.",1,Product:1
"Looking for a stainless steel brush in the style stainless steel 1pcs, type brush, with complimentary shipping and priced under 103 PHP.",1,Product:1
"Show me gold earrings in color code 002, with no gemstones or main stones, package includes earrings, and price below 296 pesos.",1,Product:1
Looking for a universal motorcycle switch in onf1 shade.,1,Product:1
"Looking for a 16 inch black motor for a stand fan, specifically the motor component, priced between 162 and 223 PHP. Show me options in the electric fan category.",1,Product:1
"Find shops offering water guns that have adjustable spray nozzles. For the first item, it should be compatible with electric pressure washers and support cash on delivery. For the second, look for the oem brand, outsize-22mm size, adjustable spray nozzles, and a price under 440 PHP. For the third, also oem brand, outsize-22mm, adjustable spray nozzles, electric pressure washer compatible, and priced between 140 and 339 PHP.",1,Shop:1
"Find a shop offering these items: First, a remote control cover from nobrand, available for cash on delivery, priced between 41 and 100 PHP. Second, a household TV silicone remote case in the samsung short red color. Third, a fashion tie in black, made of polyester, with a floral design, costing less than 89 PHP. Lastly, another fashion tie in dark navy, also with a floral pattern, priced up to 96 PHP. All items should be from the same seller.",1,Shop:1
"Find a shop offering both a white XXL women's shirt with free delivery, cash on delivery, and a price above 173 PHP, and a white XL women's t-shirt with a v-neck collar and a price below 334 PHP.",1,Shop:1
"Find a shop offering these items: First, a 'fries sealing clip' from Rising Star, priced under 120 PHP. Second, a 'rice grain storage sealed bag' made of plastic, 5000ml size, from Rising Star, costing more than 1 PHP. Third, a set of kitchen cleaning brushes (steel, copper, nylon) in multipack, anti-bacterial, packaged in plastic bottles, for less than 58 PHP. All products should be available from the same seller.",1,Shop:1
"Looking for a shop offering these: First, a fanxiang brand internal SSD with 1tb storage, ngff input type, model s201 ngff sata ssd, and price below 2256 PHP. Second, a fanxiang s500 pro SSD, 256gb color, price above 1065 PHP. Third, a fanxiang s500 pro SSD, 512gb color, price under 1820 PHP. All should be solid state drives for computers.",1,Shop:1
"Find shops offering plus size pants and slacks for women and men. For women, look for blue denim baggy pants in medium with garterized back, big pockets, and minimalist style, available for cash on delivery, priced between 12 and 549 PHP. Also, search for off-white highwaist straightcut slacks in large, made from cashmere and wool, full length, plus size, under 433 PHP. Additionally, find black formal straightcut slacks in XXL, full length, straight fit, made of cashmere and wool, with cash on delivery, under 627 PHP. For men, look for beige straightleg slacks in waist size 36, plain pattern, full length, made of polyester, with free shipping, and priced above 132 PHP.",1,Shop:1
"Find shops offering tablet cases and phone cases that match these: First, a case for iPad Mini 6th Gen 2021 that's compatible with Apple, made of thermoplastic polyurethane, in clear glitter, for the 'tablet case only' variation, type 'case', model 'for ipad mini 6th gen case', and priced between 33 and 785 PHP. Second, a phone case for Galaxy S22 Ultra, in clear glitter, made from TPU, and under 463 PHP. Third, a tablet case for iPad Air 3 10.5, in black, model 'for ipad 10th generation 10.9 2022/ipad 9th 8th 7th 6th 5th gen/pro 11 2022 2021/air 5 air 4/mini 6/air 3', and priced below 1237 PHP. Show me shops that sell all these kinds of products.",1,Shop:1
"Find shops offering multiple products that match these criteria: First, pink Skechers sneakers in size EU 35, made of canvas, with free delivery and priced under 2266 PHP. Second, grey green Skechers sneakers in size EU 36, costing more than 91 PHP. Third, grey green Skechers sneakers in size EU 37, with a low upper, mesh material, logo pattern, and priced above 976 PHP. Fourth, grey Skechers sneakers in size EU 36, suitable for walking, and priced below 2505 PHP. Only show shops selling these types of sneakers.",1,Shop:1
"Find shops offering engine flushes for over 53 pesos, specifically with engine type; fly balls for NMAX/AEROX weighing 13g, from jvt brand, priced below 579 pesos; green coolant for cars, motorcycles, or trucks with cash on delivery available and under 147 pesos; and blue electronic contact cleaners for motorcycles or automobiles, costing less than 325 pesos.",1,Shop:1
"Find shops offering outdoor tents that match these needs: First, a 3x3m blue tent made of polyethylene with a modern look, adjustable height, canvas fabric, and priced above 1508 PHP. Second, a white tent with 2 doors and 2 windows, metal poles, water-resistant, and under 1976 PHP. Third, a 3x3m blue tent in modern style, free shipping, and costs less than 2760 PHP. Lastly, a blue single-layer tent for 4 people, with 2 doors, 2 windows, and priced over 889 PHP.",1,Shop:1
"I'm looking for car wheel accessories. First, I want a center cap in color no.3, quantity 1 piece, and it should be a center cap for the hub. Next, I need a universal black center cap for sport rims. Lastly, I'm searching for a set of 4 hubcaps with the color code cc64209bk*4pc.

My budget is only `505`, but I have a voucher with the following rules:
1. The voucher only applies to the products from the same shop.
2. It is valid only when the total price of the products exceeds `268`.
3. It provides a fixed discount of `78`.",1,Voucher:1
"Find a screen protector for redmi 13 4g made of 2pcs tempered glass, and also look for men's reading glasses with a white frame, +300 size, OEM brand, multicolor lenses, and free delivery.

My budget is only `175`, but I have a voucher with the following rules:
1. The voucher applies to all products.
2. It is valid only when the total price of the products exceeds `196`.
3. It provides a fixed discount of `71`.",1,Voucher:1
"Show me men's skincare for normal skin, specifically aftershave balm. Also, I'm looking for phone parts in the color for 6plus that can be paid for with cash on delivery.

My budget is only `1078`, but I have a voucher with the following rules:
1. The voucher applies to all products.
2. It is valid only when the total price of the products exceeds `515`.
3. It provides a fixed discount of `219`.",1,Voucher:1
"I'm looking for a premium foundation suitable for any skin type, with a natural finish, SPF between 41 and 50, and sold as a single item. Also, I'm interested in a durable mini bracket for Honda Click or ADV 160.

My budget is only `73`, but I have a voucher with the following rules:
1. The voucher applies to all products.
2. It is valid only when the total price of the products exceeds `89`.
3. It provides a percentage discount of `32%` with a cap of `41`.",1,Voucher:1
"Find a mobile phone bracket for motorcycles with the exact title. Also, look for a hair removal wax cartridge from the mass brand category, sold as a single item, with the specified long title. Next, search for a gel sunscreen that hydrates, has a default specification, is formulated as a gel, offers daily skin repair, is classified as a cream in skin care, and provides SPF between 41 and 50. Lastly, locate a rear wheel hub and bearing assembly for a Kia Soul 2011, from JPS brand, in silver, with unit quantity of 1, bearing number 527502100, and the model specified.

My budget is only `3148`, but I have a voucher with the following rules:
1. The voucher applies to all products.
2. It is valid only when the total price of the products exceeds `1091`.
3. It provides a percentage discount of `22%` with a cap of `420`.",1,Voucher:1
"Looking for muscle tees in one size with design d11, crew neckline, graphic print, made of cotton, perfect for summer. Also searching for tie dye shirts in adult freesize with assorted designs and short sleeves. Interested in t-shirts in adult free size with design d6, graphic print, crew neckline, summer style, and a surf & beach vibe. Lastly, want tie dye shirts with a surf & beach style.

My budget is only `491`, but I have a voucher with the following rules:
1. The voucher only applies to the products from the same shop.
2. It is valid only when the total price of the products exceeds `234`.
3. It provides a percentage discount of `14%` with a cap of `117`.",1,Voucher:1
"Looking for a pink synthetic leather wallet, model 720, with a trendy style and priced under 217 PHP.",1,Product:1
Show me toothpaste with a total volume of 400g and costing under 777 pesos.,1,Product:1
"Looking for a garden hose in the 79213/100 (10mtrs) color option, designed for garden watering systems, and priced below 878 PHP.",1,Product:1
Show me frying oil filters that cost more than 35 pesos.,1,Product:1
"Looking for a notepad from lampara books, preferably from their latest collection.",1,Product:1
"Looking for a yellow men's polo shirt in size large, with a plain design and business style, made by OEM. Prefer short sleeves, regular fit, suitable for summer, and priced under 368 PHP.",1,Product:1
Show me oem brand motorcycle clips under 178 pesos.,1,Product:1
"Find a shop offering both a clothes rack with a double pole option that supports cash on delivery and costs over 195 PHP, and a lunch bag in red color priced from 34 to 69 PHP. The clothes rack should be in the home organizer category, and the lunch bag should be in the lunch bag category.",1,Shop:1
"Find a shop offering a green crewneck streetwear top in size small with a graphic print, short sleeves, regular fit, casual style, and priced under 363 PHP; plus a white t-shirt in size 3XL, also with a graphic print, short sleeves, made of cotton, and costing more than 199 PHP; and a casual unisex shirt in size XXL, with a crew neck, graphic print, regular fit, and priced below 369 PHP.",1,Shop:1
"Looking for a shop offering these items: First, a foaming hand soap with a white pumpkin aroma, packaged in a bottle, from Bath and Body Works, priced above 22 PHP. Second, a home fragrance refill with a fresh fall morning scent, also by Bath and Body Works, with a price ranging from 246 to 655 PHP. Third, a 25ml women's perfume from Smart Collection, available for less than 295 PHP.",1,Shop:1
"I'm looking for a shop that offers platform base ornaments. For the first item, I want the black30x20cm rou01 color, made from bamboo, and the price should be under 1507 PHP. For the second item, I need the black40x20cm rou00 color, with an international style, and the price should be above 731 PHP.",1,Shop:1
"Find shops offering an oil filter for Mitsubishi Montero Gen3 and Strada, with OEM brand and a price below 844 PHP. Also, look for a combo air and charcoal cabin filter for Nissan Terra and Navara NP300, available with cash on delivery and priced between 1130 and 2528 PHP. Lastly, search for an aircon cabin filter compatible with Commuter Deluxe 2.8L and Toyota Grand Hiace, in white color, as a product service, and costing more than 20 PHP.",1,Shop:1
"Find a shop offering these items: (1) A solar-powered radio with a price above 89 PHP; (2) Wired earphones in black, with high-res audio, 50 ohm impedance, from Bavin, free shipping, and priced over 1 PHP; (3) A type-c fast charger, 5v input, under 148 PHP; (4) An android/micro universal charger, 100-240v input, supports multiple USB charging, power usage 1-500, and costs less than 198 PHP. Show only shops selling all these products.",1,Shop:1
"I'm looking for tempered glass screen protectors for Garmin Instinct 2, specifically the 2-piece option, and also a black bezel ring case for the Samsung Galaxy Watch 5 Pro. The Garmin accessory should fit the Instinct 2 model, and the Samsung case should be for the Watch 5 Pro in the e black color.

My budget is only `176`, but I have a voucher with the following rules:
1. The voucher only applies to the products from the same shop.
2. It is valid only when the total price of the products exceeds `140`.
3. It provides a fixed discount of `42`.",1,Voucher:1
"Looking for a foam cover for a single bed (2x36x75) in design d3 with a long zipper. Also searching for a checkered table cloth for a rectangle 8-seater in gray color. Additionally, need a foam cover in single 36x75,2/3 size with design 7.

My budget is only `447`, but I have a voucher with the following rules:
1. The voucher only applies to the products from the same shop.
2. It is valid only when the total price of the products exceeds `180`.
3. It provides a fixed discount of `86`.",1,Voucher:1
"Show me plastic water pumps in black with an adjustable flow rate.

My budget is only `555`, but I have a voucher with the following rules:
1. The voucher applies to all products.
2. It is valid only when the total price of the products exceeds `476`.
3. It provides a fixed discount of `130`.",1,Voucher:1
"Looking for a Foxconn battery compatible with the 12 mini model.

My budget is only `500`, but I have a voucher with the following rules:
1. The voucher applies to all products.
2. It is valid only when the total price of the products exceeds `514`.
3. It provides a fixed discount of `105`.",1,Voucher:1
Show me a single pack insecticide spray for bugs priced from 70 to 333 pesos.,1,Product:1
"Show me plain pattern reflexology sandals, size 39, with LazMall perks, and priced above 353 PHP.",1,Product:1
"Show me casual men's sandals in khakiwhite, size EU 40, priced above 195 PHP.",1,Product:1
"Looking for a white phone case for samsung galaxy a03 core, made of tough pc material, that shields against water, dust, and dirt, from linkee brand, and costs under 228 pesos.",1,Product:1
Show me folding tables with a round variation that support cash on delivery and cost between 152 and 700 pesos.,1,Product:1
"Looking for a phone case compatible with spark go 1, in style 01, made from tpu, type case, and priced under 170 pesos.",1,Product:1
"Looking for a polo shirt in size large, made from polyester, with 1 item per order, color family polo t shirt, and unit quantity of 1. The item should be suitable for the specified weight or age range, come with free delivery, and cost over 250 PHP.",1,Product:1
"Looking for a security camera with AU plug, 1 piece with 128GB card, AI human detection, 5MP resolution, power usage under 3 watts, standard battery, and priced below 1262 PHP.",1,Product:1
"Find shops offering storage organizers that have: (1) a glacier style -4l size, large bag size, single item units, free shipping, and cost above 80 PHP; (2) a partition style, large bag size, mass brand classification, free shipping, and cost under 270 PHP; (3) a 2 layer/xxl high hardness, made of plastic and acrylic, delux brand, container set feature, and price over 269 PHP. All products should be available from the same shop.",1,Shop:1
"Find a shop offering both a micro sd memory card with a price under 1692 PHP and a computer cooling fan with medium speed, 12v input, and a price ranging from 524 to 2926 PHP.",1,Shop:1
"Find shops offering remote controls where one has model 43a46gsa or 32a46gsa, another has model er83803d and costs between 463 and 1154 PHP, and a third is priced below 1078 PHP.",1,Shop:1
"Find shops offering truck tail lights with an h7 socket, red color, and priced under 2121 PHP; side marker lamps in red variation, 1 pc bundle, 3000k color temperature, side marker lamp bulb type, free shipping, and price above 87 PHP; side lights for trucks in blue sd-4010a - 24v color family, green light source, side lights bulb type, and price between 73 and 259 PHP; and parking lights for trucks sized 18 led (12v-24v), red color, blue light source, isuzu make, parking lights bulb type, 3000k color temperature, and price below 100 PHP.",1,Shop:1
"Find shops offering plastic bottles that match these: First, a 350ml bottle with a round cap, priced under 10 pesos. Second, a single 350ml bottle with cap, sold individually. Third, a box of 24 PET bottles (500ml each) with caps, priced between 106 and 316 pesos. Lastly, a 1.5-liter PET bottle with cap, sold per piece, model is 1.5 liters plastic bottle with caps, and costs more than 2 pesos.",1,Shop:1
"Find a shop offering these items: (1) A blue pet comb with automatic hair removal, free shipping, and priced under 78 PHP; (2) Cat snacks in beef flavor for cats, under 9 PHP; (3) A pet toothbrush set with vanilla toothpaste, price between 37 and 54 PHP; (4) Canned cat food in tunafish flavor, suitable for all breeds over 6 months, cash on delivery available, price between 23 and 65 PHP.",1,Shop:1
"Find shops offering both a kids costume set and a girls dress. For the costume set: color family should be pilot, size should be 150:8-10yrs, model is 554, supports cash on delivery, and price is above 254 PHP. For the dress: color family is crown, recommended for ages 4-5yrs, made from jacquard, suitable for 20-25kg, cash on delivery available, and price ranges from 31 to 160 PHP.",1,Shop:1
"Looking for a shop offering a religious booklet priced between 31 and 128 pesos, and also selling a set of 5 large brown plastic plant pots (size e280), made of plastic, for under 249 pesos.",1,Shop:1
"Looking for a ford alternator pulley, a canvas trapal tarpaulin size 6ftx12ft buy1take1, women's slip-on sandals size 40 in coffee brown (new arrival, limited stock), and a set of 4pcs grey silicone luggage wheel covers.

My budget is only `662`, but I have a voucher with the following rules:
1. The voucher applies to all products.
2. It is valid only when the total price of the products exceeds `1069`.
3. It provides a percentage discount of `48%` with a cap of `1064`.",1,Voucher:1
"Looking for a car wash gun with 48v (2 batteries) in the color options and adjustable spray nozzles. Also searching for a pet hair trimmer in druman color, with power usage between 500 and 1000, and available for cash on delivery. Additionally, need a car wash gun with 48v (2 batteries) color family.

My budget is only `2965`, but I have a voucher with the following rules:
1. The voucher only applies to the products from the same shop.
2. It is valid only when the total price of the products exceeds `1945`.
3. It provides a percentage discount of `40%` with a cap of `1511`.",1,Voucher:1
"Looking for a computer chair part in the sliver-160# style, made from alloy, by leooyi brand. Also searching for a multi-pack of capsules from southstar drug inc.

My budget is only `282`, but I have a voucher with the following rules:
1. The voucher applies to all products.
2. It is valid only when the total price of the products exceeds `230`.
3. It provides a percentage discount of `16%` with a cap of `199`.",1,Voucher:1
"I'm looking for a military backpack, a stainless steel scuba tank adapter in the 1 piece color option, and a printed ruffle swimsuit for women in medium, dress3 color, regular fit, with a print pattern, and available for cash on delivery.

My budget is only `2670`, but I have a voucher with the following rules:
1. The voucher only applies to the products from the same shop.
2. It is valid only when the total price of the products exceeds `1817`.
3. It provides a percentage discount of `32%` with a cap of `1072`.",1,Voucher:1
"Looking for blue swimming fins in size medium with an inner length of 26.3cm, and also searching for transparent non-slip bathroom stickers from OEM, preferably with masking tape adhesive.

My budget is only `1362`, but I have a voucher with the following rules:
1. The voucher applies to all products.
2. It is valid only when the total price of the products exceeds `412`.
3. It provides a fixed discount of `107`.",1,Voucher:1
"I'm looking for canvas high-top shoes for women in size EU 38, white color, with a logo design and suitable for summer. Also, I want unisex high-top canvas sneakers in brown, size EU 40, with a plain pattern, rubber material, and from Converse. Additionally, I'm interested in women's high-top canvas sneakers in purple, size EU 39, featuring a logo pattern. Lastly, I need low-top casual canvas shoes for men and women in white, size EU 37.5, with a logo design.

My budget is only `7571`, but I have a voucher with the following rules:
1. The voucher only applies to the products from the same shop.
2. It is valid only when the total price of the products exceeds `4591`.
3. It provides a fixed discount of `1912`.",1,Voucher:1
"Looking for a bossini collared shirt in eggplant color, XL size, made of pique fabric. Also searching for a plains and prints long sleeve blazer in c.brown, large size, regular fit, with a shawl collar and crafted from polyester. Additionally, I want a lucky me! multipack of pancit canton with extra hot chili flavor, suitable for healthier diets, in multicolor packaging, and meant for cupboard storage.

My budget is only `3593`, but I have a voucher with the following rules:
1. The voucher applies to all products.
2. It is valid only when the total price of the products exceeds `771`.
3. It provides a percentage discount of `30%` with a cap of `257`.",1,Voucher:1
"Looking for dried fish with seafood variety pustitan, a heng brand universal motorcycle bolt sized 6x10mm sold per piece, and a set of 3 white v-neck t-shirts in extra small with short sleeves for casual wear.

My budget is only `319`, but I have a voucher with the following rules:
1. The voucher applies to all products.
2. It is valid only when the total price of the products exceeds `210`.
3. It provides a percentage discount of `11%` with a cap of `201`.",1,Voucher:1
Looking for 12-piece art pens under 89 PHP?,1,Product:1
"Show me black wide leg pants for women in ankle length, free size, from fiio fashion (ph), made of cotton spandex, with free delivery, and priced above 48 pesos.",1,Product:1
Looking for a MSM brand valve guide for ct100 model under 103 pesos.,1,Product:1
"Looking for a clear serum with salicylic acid, ideal for moisturizing, from a high-end brand, suitable for people in their 30s, and priced under 393 pesos.",1,Product:1
"Looking for national standard rivets in 6*35 size, pack of 50, preferably in aluminum.",1,Product:1
"Looking for a plastic lock for cabinets or drawers, specifically a door lock model, with a price range from 60 to 273 pesos.",1,Product:1
Looking for dog food with a price ranging from 579 to 1890 pesos.,1,Product:1
"Show me NAS storage devices under 87,389 PHP.",1,Product:1
Show me valve sets that support cash on delivery and cost under 289 PHP.,1,Product:1
"Find shops offering a carpenter square with a price above 318 PHP, a bonsai scissors of pruning shears type priced over 61 PHP, a hat display holder, and an aluminum pool pole priced from 199 to 733 PHP.",1,Shop:1
"Find shops offering a box multipack of chocolate under 329 PHP, a multipack bag of kitchen towel rolls that are eco-friendly, 2-ply, support cash on delivery, and cost less than 226 PHP, and a single pack of chocolate for under 179 PHP.",1,Shop:1
"Find shops offering playstation controllers with these features: one with camouflage variation, another in black and lava red color from Sony brand, free shipping, and priced between 373 and 3094 PHP; a Lebron James edition from Sony, priced from 780 to 2766 PHP; and an off white version. All should be for playstation consoles.",1,Shop:1
"Find shops offering these items: a mechanical wireless keyboard and mouse set priced above 162 PHP; a white universal remote control holder made of PP, with free delivery and costing more than 1 PHP; a pair of steel color 4mm stainless steel diamond earrings with cubic zirconia, no main stone, under 56 PHP; and a black hard cover writing pad notebook priced between 38 and 84 PHP.",1,Shop:1
"Find shops offering women's shoes that have these products: First, a black slip-on with EU size 39, round toe, for casual use in summer, priced between 57 and 205 PHP. Second, a black slip-on in EU size 40, round toe, for casual occasions, under 284 PHP. Third, a white sandal in EU size 38, round toe, flat platform heel (1cm or less), slip-on style, under 304 PHP.",1,Shop:1
"Find a shop offering all of these: (1) A portable 6w nail lamp from dermacare, sold as a single item, supports cash on delivery, and costs more than 0 PHP; (2) A pair of blue fluffy styling hair clips, priced under 54 PHP; (3) A set of white fake nails with 10g nail glue, for less than 17 PHP. Show only shops selling all these items.",1,Shop:1
"Find shops offering both a porcelain holder for utensils and an ice bucket, as well as a gold cutlery set. For the utensil holder, look for green or gold color, made of glass, with open storage, and priced between 296 and 907 PHP. For the ice bucket, make sure it supports cash on delivery and costs between 123 and 529 PHP. For the cutlery set, search for gold color, 3 spoons plus 3 forks, crafted from 304 stainless steel, categorized as cutlery sets, and priced under 385 PHP.",1,Shop:1
"Find a shop offering a make up cleaner device with model hz-001 priced under 153 PHP, and also selling a lunch box set in violet color, made of plastic, with a container set feature, volume 0, and price ranging from 61 to 202 PHP.",1,Shop:1
"Looking for black dry bag holdalls, black swimming caps, and black silicone swim caps for adults. All should be waterproof and suitable for swimming or diving.

My budget is only `103`, but I have a voucher with the following rules:
1. The voucher only applies to the products from the same shop.
2. It is valid only when the total price of the products exceeds `139`.
3. It provides a percentage discount of `49%` with a cap of `119`.",1,Voucher:1
"Show me himalayan salt in a single pack, and also flip cover phone cases for samsung that fit a23 4g or a23 5g, in blue, with a movies or music theme.

My budget is only `290`, but I have a voucher with the following rules:
1. The voucher applies to all products.
2. It is valid only when the total price of the products exceeds `290`.
3. It provides a percentage discount of `39%` with a cap of `244`.",1,Voucher:1
"Find a carburetor for Yamaha bikes with products only service, a grey regulator rectifier for universal motorcycles, and an LED miners lamp with 100 lumens.

My budget is only `1216`, but I have a voucher with the following rules:
1. The voucher only applies to the products from the same shop.
2. It is valid only when the total price of the products exceeds `274`.
3. It provides a percentage discount of `10%` with a cap of `53`.",1,Voucher:1
"Looking for a white doll toy with free delivery, a formal oldrose maxi dress that's off shoulder and fits sizes from small to large, and a plain short sleeve polo shirt for boys in size 12 made of katrina fabric, suitable for any season, casual style, with free shipping.

My budget is only `964`, but I have a voucher with the following rules:
1. The voucher applies to all products.
2. It is valid only when the total price of the products exceeds `1152`.
3. It provides a percentage discount of `29%` with a cap of `1001`.",1,Voucher:1
"Show me plain style car key case in the gray blue set.

My budget is only `404`, but I have a voucher with the following rules:
1. The voucher applies to all products.
2. It is valid only when the total price of the products exceeds `277`.
3. It provides a fixed discount of `113`.",1,Voucher:1
"Looking for front-only Akebono brake pads, a 350ml food storage box set with free shipping, and D color family Eveready batteries that support cash on delivery.

My budget is only `1852`, but I have a voucher with the following rules:
1. The voucher applies to all products.
2. It is valid only when the total price of the products exceeds `1621`.
3. It provides a percentage discount of `35%` with a cap of `1409`.",1,Voucher:1
"Looking for a blue oil filter from vic, another oil filter that supports pay on delivery, a car engine oil by mobil, and a goodyear tire in size 275/17.

My budget is only `928`, but I have a voucher with the following rules:
1. The voucher only applies to the products from the same shop.
2. It is valid only when the total price of the products exceeds `1023`.
3. It provides a percentage discount of `50%` with a cap of `856`.",1,Voucher:1
"I'm looking for a plastic storage bin for the nursery, an auxiliary coolant reservoir for a Toyota Revo from 1997 to 2003, and a horn bracket compatible with Subaru WRX or STI models from 2008 to 2014.

My budget is only `746`, but I have a voucher with the following rules:
1. The voucher applies to all products.
2. It is valid only when the total price of the products exceeds `637`.
3. It provides a percentage discount of `29%` with a cap of `464`.",1,Voucher:1
"Looking for a brake shoe that comes with complimentary shipping. Also searching for women's mary jane shoes in glossy black upgraded version, size 35, with a round toe and thick sole. Need a tarpaulin sheet, size 5ft by 6ft. Lastly, interested in drape curtains in tvlace 20*36 color, made from geena and pongee, matchy matchy model, 180cm tall, standard solution, and suitable for single window or double panel door.

My budget is only `1232`, but I have a voucher with the following rules:
1. The voucher applies to all products.
2. It is valid only when the total price of the products exceeds `1210`.
3. It provides a fixed discount of `478`.",1,Voucher:1
"Looking for a contemporary glass bottle with a 1 liter capacity, a glass side plate around 25 cm in the plate color family, and a glass soap dispenser featuring a pump mechanism.

My budget is only `256`, but I have a voucher with the following rules:
1. The voucher only applies to the products from the same shop.
2. It is valid only when the total price of the products exceeds `301`.
3. It provides a percentage discount of `35%` with a cap of `278`.",1,Voucher:1
"Show me black small t-shirts with a graphic design, scoop neckline, short sleeves, and priced above 62 pesos.",1,Product:1
Show me pressure washer accessories that come with complimentary delivery and cost above 5 PHP.,1,Product:1
"Looking for a purple screw magnetic tray for organizing electronics, priced from 81 to 138 PHP.",1,Product:1
Looking for a single pack of mint air freshener under 164 pesos.,1,Product:1
Show me pet one dry dog food for weight control in adults.,1,Product:1
Looking for an emerald green school uniform with size 60.,1,Product:1
Show me rabbit color baby pillows priced above 75 pesos.,1,Product:1
"Find shops offering these products: 1) A women's crossbody bag in white, suitable for casual occasions and style, priced between 126 and 362 PHP. 2) A kids' sling bag in the pompompurin color, inspired by Japanese anime, unisex, made of silicone, and costs more than 13 PHP. 3) A women's wallet in sky blue, made from mixed materials, with a plain pattern, supports cash on delivery, and is priced above 31 PHP. 4) A kids' backpack with an Elsa design, made from mixed materials, and is a backpack model. Show only shops that sell all these items.",1,Shop:1
"Find shops offering building block tables made from Mongolian pine wood in the default color option. Also, show me those with a price below 2149 PHP.",1,Shop:1
"Find a shop offering both a beige plus size a-line chiffon filipiniana dress with long sleeves, XXL, cash on delivery, under 2246 PHP, and a beige XL formal long a-line chiffon gown with lace pattern, high-neck, priced between 281 and 3837 PHP.",1,Shop:1
"Find shops offering both a dish in assorted colors, plain design, single piece, model dish, priced under 26 PHP, and a k4 model phone or camera stand, priced above 46 PHP.",1,Shop:1
"Find shops offering percussion or xylophone accessories with 1 item per pack and under 72 PHP; billiards gear with 2 pieces per set, suitable for ages 8+, related to sports and billiards, priced below 109 PHP; mini basketball hoops priced above 142 PHP; and metal ball pump needles in packs of 10, available with cash on delivery, costing between 5 and 22 PHP.",1,Shop:1
"Find shops offering these items: (1) A soundbar in the speakers category, with redmi-black color, spdif/aux wired connectivity, wall-mountable, input voltage between 1 and 5 volts, 5.1 channels, and priced under 1838 PHP; (2) A duster in cleaning tools, model mijia-lint remover, brand xiaomi, costing more than 304 PHP; (3) A cable in electronics, plug type type c, input voltage 5v, power usage 100w, and price above 38 PHP; (4) An induction cooker in kitchen appliances, power consumption 2200w, supports cash on delivery, and costs less than 2937 PHP. Show only shops that sell all these products.",1,Shop:1
Looking for a shop offering both an alkansya priced under 116 pesos and another alkansya available between 22 and 80 pesos. Both should be related to ipon challenge savings.,1,Shop:1
"Find a shop offering both a pair of women's shorts and a women's t-shirt. For the shorts, I'm looking for black without belt, size small, plain pattern, regular fit, made of polyester, and in an a-line style. For the t-shirt, I want white premium edition aa, size xl for 60-67kg, plain pattern, wrap blouse style, and the price should be above 58 PHP.",1,Shop:1
"Find shops offering multiple products where: Product 1 is a thermostat with a 70c manual reset, priced under 103 PHP; Product 2 is a temperature switch with 185c rating, 2-pin plug, model ksd301, and costs less than 154 PHP; Product 3 is a temperature switch with 95c-5a manual reset, supports cash on delivery, and is priced between 58 and 165 PHP; Product 4 is a switch, model 16a manual reset 95℃, for 1-250v input. All products should match these details.",1,Shop:1
"Looking for shorts made in the Philippines with a mustard color, one size fits all, suitable for all seasons, and perfect for sporty or streetwear styles. Also searching for unisex plain jersey shorts in violet or aqua blue, fitting waistlines from 24 to 36 inches, featuring dri-fit material, and ideal for basketball activities.

My budget is only `187`, but I have a voucher with the following rules:
1. The voucher only applies to the products from the same shop.
2. It is valid only when the total price of the products exceeds `175`.
3. It provides a percentage discount of `43%` with a cap of `114`.",1,Voucher:1
"Looking for a green steel tongue drum, a white ceiling mount smart camera accessory that can also be wall mounted, and a set of black refillable perfume spray bottles.

My budget is only `507`, but I have a voucher with the following rules:
1. The voucher applies to all products.
2. It is valid only when the total price of the products exceeds `378`.
3. It provides a percentage discount of `39%` with a cap of `320`.",1,Voucher:1
"Looking for a Devant TV remote, a set of 10 wild man fishing swivels in iron3 color (2.5cm size), and a waterproof semi-permanent tattoo sticker that comes with complimentary shipping.

My budget is only `215`, but I have a voucher with the following rules:
1. The voucher applies to all products.
2. It is valid only when the total price of the products exceeds `199`.
3. It provides a fixed discount of `45`.",1,Voucher:1
"I'm looking for grey floor paint with a natural finish that's moisture resistant, available in 500g size. Also, I need a pack of 2 bottles of a pipe unclogging cleaner. Lastly, I want 5 bottles of rodent repellent spray, specifically for rodents, in bottle packaging.

My budget is only `363`, but I have a voucher with the following rules:
1. The voucher only applies to the products from the same shop.
2. It is valid only when the total price of the products exceeds `233`.
3. It provides a fixed discount of `115`.",1,Voucher:1
"Looking for mesh running shoes in lake blue, size EU 40. Also searching for Nisshinbo front brake pads for Toyota Hilux or Fortuner, with free delivery.

My budget is only `3893`, but I have a voucher with the following rules:
1. The voucher applies to all products.
2. It is valid only when the total price of the products exceeds `1363`.
3. It provides a fixed discount of `590`.",1,Voucher:1
"Looking for a red polyurethane earphones holder, model 1, and a speaker brand portable Bluetooth speaker with at least 5000 power consumption and input voltage between 1 and 5 volts.

My budget is only `531`, but I have a voucher with the following rules:
1. The voucher applies to all products.
2. It is valid only when the total price of the products exceeds `191`.
3. It provides a fixed discount of `52`.",1,Voucher:1
"Looking for a kids bicycle in green, 14 inch size, suitable for children, with two wheels and free delivery. Also searching for a blue permanent marker, single piece, from the brand hbw.

My budget is only `1083`, but I have a voucher with the following rules:
1. The voucher applies to all products.
2. It is valid only when the total price of the products exceeds `1053`.
3. It provides a percentage discount of `35%` with a cap of `1007`.",1,Voucher:1
"Looking for a motor for RC cars, color 540 20t, suitable for ages 14 and up, under 288 PHP.",1,Product:1
"Looking for a food strainer made from powder-coated metal, priced under 177 PHP. Preferably a basin slicer or grater set.",1,Product:1
Looking for a wall charger with a 1.2 meter cable in the accessories category.,1,Product:1
"I'm looking for a women's shirt in medium size, black color, with a versatile blouse style and short sleeves. The fabric should be 100% other material. Please show options that support cash on delivery and are priced above 68 PHP.",1,Product:1
Looking for a black luggage strap under 35 pesos,1,Product:1
"Looking for an NGK spark plug compatible with Suzuki GD110, priced under 201 PHP.",1,Product:1
Show me marble chips markers that cost over 27 pesos.,1,Product:1
Looking for a kitchen gadget like a slicer or peeler with a price under 47 PHP.,1,Product:1
"Looking for a stroller for pets that's available in white, suitable for any breed, and costs under 198 pesos?",1,Product:1
"Looking for a queen size bedding set, 60x75 inches, with 135 thread count, model blue anchor, suitable for adults, that supports cash on delivery and costs under 150 pesos.",1,Product:1
"Find a shop offering both a practice reading book with isbn_issn '-' that allows cash on delivery and is priced between 132 and 290 pesos, and another kids reading book. Both should be in the books category.",1,Shop:1
"Find shops offering a keyboard and mouse bundle priced under 376 PHP, a wireless router with model bl-wr2000, 4 ports, upload speed between 100 and 249 Mbps, download speed between 100 and 499 Mbps, wired connectivity, power usage up to 500, 2-pin plug, and LTE network; and a 24-inch monitor with full HD display, flat or semi-curve mounting, IPS panel, response time from 5 to 10 ms, power usage up to 500, and price ranging from 1586 to 7979 PHP.",1,Shop:1
"Find shops offering bagoong products where one is under 189 PHP, another is under 898 PHP, and a third is under 534 PHP with Filipino cooking style.",1,Shop:1
"Find a shop offering multiple items: First, a white sleeveless top in medium, made of cotton, with a plain design, round neckline, sporty street style, and priced under 375 PHP. Second, a black cotton jacket for men or women, medium size, from 2021, with a zipper closure, long sleeves, sporty street style, at least 10 pieces available, free shipping, and costs more than 27 PHP. Third, a black short-sleeve t-shirt in large, plain pattern, priced above 205 PHP. Lastly, a cotton jacket hoodie in XXL, no zipper, from 2021, sporty street style, at least 20 pieces, long sleeves, and under 718 PHP.",1,Shop:1
"Looking for a shop offering both a tempered glass screen protector for iphone 11 pro under 56 pesos, and a shockproof tpu phone case for oppo a76 4g in transparent black, compatible with oppo phones, priced below 95 pesos.",1,Shop:1
"Find a shop offering both a multivitamin supplement and a body lotion. For the supplement, it should be in gummies form, contain sugar, be sold as a multi-pack, and cost over 371 PHP. For the lotion, look for a wam vanilla sugar scent, whitening benefits, paraben-free ingredients, classified under dermacare, available as a single item in gel form, supports cash on delivery, and priced above 408 PHP.",1,Shop:1
"Find shops offering men's shirts that match these preferences: For the first item, look for a large size, v-neck, summer casual style from the brand kentucky, and priced above 189 PHP. For the second, search for an extra-large, lavender plain shirt from blue corner with a v-neck and price under 188 PHP. For the third, seek a large, white, short-sleeve, v-neck, plain casual shirt from hanes. For the fourth, find a large, violet, regular fit, v-neck shirt from blue corner, costing more than 24 PHP.",1,Shop:1
"Find a shop offering both of these: First, a casual t-shirt for men or women, size XXL, color family 5, with a striped pattern, priced under 140 PHP. Second, a regular-fit top with a shirt collar, size 100, color family 6, made from standard material, plain design, short sleeves, and comes with free shipping. Both should be in the t-shirt category.",1,Shop:1
"Looking for velcro nurse badge, a standard 'need itahi' Taiwan flag patch, and a standard 'need itahi' Star of Life EMS patch.

My budget is only `213`, but I have a voucher with the following rules:
1. The voucher only applies to the products from the same shop.
2. It is valid only when the total price of the products exceeds `23`.
3. It provides a percentage discount of `28%` with a cap of `21`.",1,Voucher:1
"I'm looking for a ceramic kitchen accessory in classic ivory that keeps counters clean, a women's summer vest in v8 white with chest pad, freesize for 40-67.5kg, solid color, made of 95% polyester fiber and 5% spandex, and a moisturizing body oil for dry skin, alcohol-free, 100ml, only 1 piece, with free shipping and cash on delivery.

My budget is only `415`, but I have a voucher with the following rules:
1. The voucher applies to all products.
2. It is valid only when the total price of the products exceeds `52`.
3. It provides a percentage discount of `17%` with a cap of `34`.",1,Voucher:1
"Find a base plate that supports cash on delivery. Also, show me Polo Prestyn sneakers in size US 7, EVA slippers in white 43-44 for summer, and D&D brand rubber coating with polyurethane adhesive.

My budget is only `3583`, but I have a voucher with the following rules:
1. The voucher applies to all products.
2. It is valid only when the total price of the products exceeds `1084`.
3. It provides a fixed discount of `391`.",1,Voucher:1
"I'm looking for some jeans. First, I want a denim pair in a plain style, slim fit, with a waist size of 33. Next, I'm interested in denim cropped pants, also in denim color, with a waist size of 31, made from denim material, and in a denim style. Lastly, I'm searching for cropped jeans in light blue, plus size, with a waist of 40.

My budget is only `854`, but I have a voucher with the following rules:
1. The voucher only applies to the products from the same shop.
2. It is valid only when the total price of the products exceeds `373`.
3. It provides a fixed discount of `74`.",1,Voucher:1
"I'm looking for a pastry box in a red window color, made from biodegradable material, with a plain design, rectangular shape, and comes in a pack of 25 pieces. Also, I need some food wrapper paper in a plain 12x18 color, rectangular shape, from a generic or unbranded source, and it should be available for cash on delivery. Additionally, I want a paper meal box, preferably in a pack of 50. Lastly, I'm searching for a cake board that's round, 10 inches in size, made of cardboard, and suitable for cakes.

My budget is only `506`, but I have a voucher with the following rules:
1. The voucher only applies to the products from the same shop.
2. It is valid only when the total price of the products exceeds `212`.
3. It provides a percentage discount of `27%` with a cap of `175`.",1,Voucher:1
"I'm looking for a white water filter component that comes with complimentary shipping, and also a pack of 100 zener diodes rated at 1W 15V. Can you help me find these items?

My budget is only `393`, but I have a voucher with the following rules:
1. The voucher only applies to the products from the same shop.
2. It is valid only when the total price of the products exceeds `258`.
3. It provides a fixed discount of `73`.",1,Voucher:1
"Looking for kids hair accessories in a random color, a silver 4-speed kitchen faucet with a stainless steel finish and standard spout, and Treasures brand Indian long pepper in a refill pouch for cupboard storage.

My budget is only `257`, but I have a voucher with the following rules:
1. The voucher applies to all products.
2. It is valid only when the total price of the products exceeds `95`.
3. It provides a fixed discount of `17`.",1,Voucher:1
"Find unisex black sneakers with a hook and loop closure, model shoes, available with LazFlash deals, and priced above 55 PHP.",1,Product:1
"Looking for a dishwashing liquid with a joy antibac aroma, 500ml size, unscented, single pack, and priced under 1263 PHP.",1,Product:1
Looking for a glass straw in color 5pc with just 1 piece.,1,Product:1
Show me blendable lip and cheek products under 215 pesos,1,Product:1
Looking for black earphones with noise reduction features,1,Product:1
Find eyelash curler refills that come with complimentary shipping and cost under 139 PHP.,1,Product:1
Looking for army green plain rubber sandals in size EU 36/37.,1,Product:1
"Looking for a stool made with leather, ring design, chrome frame, and faux leather upholstery, model cgf009.",1,Product:1
"Looking for a phone case in clear-085 color, fits tecno camon 19, with an artistic design, works with infinix phones, and offers shock resistance. Price should be between 69 and 132 pesos.",1,Product:1
I'm looking for wafello brand wafer products that can be stored in the cupboard and cost under 129 pesos.,1,Product:1
"I'm looking for a shop that sells these items: First, a CB antenna spring mount with LazMall service and a price above 426 PHP. Second, a DSLR quick release plate for tripods, priced over 44 PHP. Third, a hair fork comb specifically for curls, costing more than 16 PHP. Lastly, a 12V winch rocker switch in black, with a price higher than 687 PHP. Please show me shops that offer all these products.",1,Shop:1
"Looking for a shop offering a necklace with the letter 'h', crafted from stainless steel, featuring a gold main stone, and priced between 207 and 593 pesos. Also searching for a set of stud earrings for women, in gold color, made with gold plated material, and costing over 271 pesos.",1,Shop:1
"Find shops offering screen protectors where one is for lenovo tab p12 pro xiaoxin pad pro 12.6 inch tb-q706f and costs over 128 PHP, another is a clear screen guard compatible with lenovo tab p12 pro priced above 135 PHP, a third is for samsung galaxy tab s2 8.0, and a fourth is a clear screen guard for amazon fire hd 10 2023 10.1 inch model, costing less than 236 PHP.",1,Shop:1
"Find shops offering plastic plant decorations where one item is an 85cm (no vase) size under 400 PHP, and another is a 92cm (no vase) artificial plant under 172 PHP.",1,Shop:1
Find a shop offering a lotus brand glass cutter and a general purpose adhesive tape under 869 pesos. Both items should be in the glass cutter and tape categories.,1,Shop:1
"I'm looking for a shop that offers these items: First, a royal blue men's t-shirt in medium, plain style, with delivery between 5 to 12 days, and priced from 10 to 322 pesos. Second, a Carolina blue ladies' t-shirt in extra large, short sleeves, round neck, plain pattern, from Gildan, with delivery in 5 to 12 days. Third, a light blue ladies' t-shirt in large, round neck, made of cotton, from Gildan, with delivery between 5 and 12 days, and under 232 pesos. Lastly, a white adult crewneck sweatshirt in extra small, casual style, faux fur or shearling material, plain design, and under 769 pesos. Please show me shops that have all these clothing items.",1,Shop:1
"Show me waterproof chargers for cordless drills, model mt6, that support cash on delivery. Also, I'm looking for cordless drill/drivers with an impact adaptor.

My budget is only `183`, but I have a voucher with the following rules:
1. The voucher applies to all products.
2. It is valid only when the total price of the products exceeds `22`.
3. It provides a percentage discount of `46%` with a cap of `12`.",1,Voucher:1
"Looking for a white portable fan, a patterned multicolor kitchen towel with cash on delivery, a white file rack for A4 letter size with free shipping, and a child set of 6 toothbrushes.

My budget is only `358`, but I have a voucher with the following rules:
1. The voucher only applies to the products from the same shop.
2. It is valid only when the total price of the products exceeds `44`.
3. It provides a percentage discount of `30%` with a cap of `15`.",1,Voucher:1
"Looking for a gold bangle with a single size, yellow or gold color, featuring a gold gemstone as the main stone and made from semi-precious materials. Also searching for a couple's watch with diamond accents, a round case, silver color, sapphire glass dial, and watch model.

My budget is only `531`, but I have a voucher with the following rules:
1. The voucher only applies to the products from the same shop.
2. It is valid only when the total price of the products exceeds `154`.
3. It provides a fixed discount of `68`.",1,Voucher:1
"Show me facial bowls that support cash on delivery, Yamaha cover parts for sniper 150 v1 v2 motorcycles, and black running sneakers in EU size 36 with free shipping.

My budget is only `249`, but I have a voucher with the following rules:
1. The voucher applies to all products.
2. It is valid only when the total price of the products exceeds `267`.
3. It provides a fixed discount of `95`.",1,Voucher:1
"Find premium lotions with a free soap, deodorants with 50ml size, mass market face creams for normal skin that are fragrance-free, offer whitening benefits, have SPF between 21 and 30, and come as a single item, as well as soaps with 50ml volume and vitamin C as a key ingredient.

My budget is only `1362`, but I have a voucher with the following rules:
1. The voucher only applies to the products from the same shop.
2. It is valid only when the total price of the products exceeds `229`.
3. It provides a percentage discount of `22%` with a cap of `132`.",1,Voucher:1
"I'm looking for a casual blue cotton spandex terno set with a printed design, available up to 3XL. Also, I want a unisex rolling machine or tobacco storage box that supports cash on delivery. Lastly, I'm interested in a science microscope kit for kids, suitable for both boys and girls, from the Mr. Beast Lab brand.

My budget is only `1624`, but I have a voucher with the following rules:
1. The voucher applies to all products.
2. It is valid only when the total price of the products exceeds `856`.
3. It provides a fixed discount of `380`.",1,Voucher:1
"Looking for door locks with the 900 series center lock. Also searching for a pair of 14-inch heavy duty 4bar items that open from the center. Additionally, need a right-side white cam handle from the 38 series.

My budget is only `104`, but I have a voucher with the following rules:
1. The voucher only applies to the products from the same shop.
2. It is valid only when the total price of the products exceeds `78`.
3. It provides a percentage discount of `26%` with a cap of `43`.",1,Voucher:1
"Looking for whiz kidsz brand activity books with ISBNs 9789387177147, 9789387177154, 9789389281309, or 9789389281316, and please show only those with complimentary shipping.

My budget is only `147`, but I have a voucher with the following rules:
1. The voucher applies to all products.
2. It is valid only when the total price of the products exceeds `203`.
3. It provides a percentage discount of `45%` with a cap of `197`.",1,Voucher:1
"Looking for a clifton guitar in natural with pick-up, priced above 100 PHP.",1,Product:1
"Looking for a silver anklet without any gemstones, from the brand oem, priced between 44 and 183 pesos.",1,Product:1
Looking for a black wiper set under 250 PHP that supports cash on delivery.,1,Product:1
Show me pellet fish food for freshwater goldfish that costs more than 101 PHP.,1,Product:1
"Looking for bolts with a flat head style, size 14, length x 280 (1.25), and comes with a nut accessory. Please show options under 152 pesos.",1,Product:1
Looking for dark grey motorcycle tire valve covers under 78 pesos,1,Product:1
Looking for a blue women's top in 3xl that supports cash on delivery and costs under 520 PHP.,1,Product:1
Looking for a towel hanger set of 3 pieces that supports cash on delivery and costs over 49 pesos.,1,Product:1
"Looking for a shop offering these items: First, a motorola walkie talkie set with 6 units, 16 channels, brand is motorola, range between 1 to 5 kilometers, and price under 341 PHP. Second, a motorola walkie talkie with motorola earphones as the color option, 16 channels, brand is motorola, and price above 21 PHP. Third, a motorola headset with 1 piece variation and price below 142 PHP. Please show shops that have all these products.",1,Shop:1
"Find shops offering both a brass faucet and a brass ball valve. For the faucet, look for color family '1/2“', brass finish, supports cash on delivery, and costs under 200 PHP. For the ball valve, choose color family '4“' and price below 196 PHP.",1,Shop:1
"Find shops offering multiple items where: one is a GPS jammer with USB interface, services limited to products, color is standard, model is others, and price below 714 PHP; another is a Ford steering wheel cover in purple, model others, price above 243 PHP; a third is an Autool OBD2 speedometer, price under 2055 PHP; and lastly, a MOMO racing steering wheel in gold, model others, price over 95 PHP.",1,Shop:1
"Find shops offering these items: First, a white airsoft BB pack with a price below 397 PHP. Second, a white airsoft BB pack priced above 99 PHP. Third, a black airsoft BB pack that comes with complimentary shipping and costs between 349 and 563 PHP.",1,Shop:1
"Looking for a shop offering both a coffee mug with the 'monica- seven' style, personalized with a name on the front, and a rubber coaster featuring the 'koya' design, priced between 7 and 52 PHP. The mug should be a coffee cup or mug, and the coaster should be made of rubber.",1,Shop:1
"Find a shop offering mirrors from zivon where one is a rectangular arch mirror, 50*70cm, 3 colors, priced below 1164 PHP, and another is a square 5-in-1 bathroom mirror, 50*70cm, 5 in 1, costing over 640 PHP.",1,Shop:1
"Find a shop offering a massager for deep muscle relaxation and another rechargeable massager under 1920 PHP, plus a building block toy set for kids under 14, in color k2146-guan yu m_xd8w, with free shipping and priced below 199 PHP.",1,Shop:1
"Looking for mountain shoes in size EU 41.5 suitable for hiking, and also searching for outdoor tools with a foldable toothed size.

My budget is only `4136`, but I have a voucher with the following rules:
1. The voucher only applies to the products from the same shop.
2. It is valid only when the total price of the products exceeds `1162`.
3. It provides a percentage discount of `21%` with a cap of `785`.",1,Voucher:1
"Looking for canvas tarpaulins in blue and red colors, both sturdy and suitable for sun and rain protection.

My budget is only `758`, but I have a voucher with the following rules:
1. The voucher only applies to the products from the same shop.
2. It is valid only when the total price of the products exceeds `395`.
3. It provides a fixed discount of `167`.",1,Voucher:1
"I'm looking for vitamins & minerals for birds, and also a rantiz ceramic product for cars or motorcycles that comes with free shipping and allows payment by cash on delivery.

My budget is only `1093`, but I have a voucher with the following rules:
1. The voucher only applies to the products from the same shop.
2. It is valid only when the total price of the products exceeds `1394`.
3. It provides a percentage discount of `42%` with a cap of `1168`.",1,Voucher:1
"I'm looking for an air filter for an AUX air conditioner indoor unit, and also a magnetron suitable for a microwave oven. Can you help me find these replacement parts?

My budget is only `2275`, but I have a voucher with the following rules:
1. The voucher only applies to the products from the same shop.
2. It is valid only when the total price of the products exceeds `1095`.
3. It provides a percentage discount of `35%` with a cap of `604`.",1,Voucher:1
"Show me a sewing machine motor with 550 watts, a women's plus size hoodie jacket in apricot, 2xl, plain pattern, made of polyester, available for cash on delivery, and a women's ring in rose gold, size 5, made from titanium steel, model yr005.

My budget is only `3258`, but I have a voucher with the following rules:
1. The voucher applies to all products.
2. It is valid only when the total price of the products exceeds `1292`.
3. It provides a percentage discount of `38%` with a cap of `1021`.",1,Voucher:1
"Looking for a badminton grip in 02 red, a sun visor with #1-clip style from oem that comes with complimentary shipping, and a colored baby lampin in 3pcs blue, size xl 14x28 inches, suitable for any gender.

My budget is only `241`, but I have a voucher with the following rules:
1. The voucher applies to all products.
2. It is valid only when the total price of the products exceeds `34`.
3. It provides a percentage discount of `30%` with a cap of `28`.",1,Voucher:1
"Looking for a headlight for Suzuki Raider 150 old model, preferably in black color family, with red color option, under the product services category, and priced above 10 PHP.",1,Product:1
"Show me water gun toys with the style random 1pcs (50cm), free delivery, and priced under 46 PHP.",1,Product:1
"Show me pipe connectors in 4-point large tee for steel pipes with 19-20mm outer diameter, priced above 26 PHP.",1,Product:1
"Looking for a blue soap holder that's waterproof, supports cash on delivery, and costs under 68 PHP.",1,Product:1
"Looking for a multipack of assted color sponge cloths, one kilo size, wholesale rate.",1,Product:1
"Show me abs roller equipment in black and blue colors, priced above 90 PHP.",1,Product:1
"Looking for a black replacement case for samsung galaxy a6 plus 2018, priced under 676 PHP.",1,Product:1
"Looking for front fork oil seal in 2pcs oil seal color option, priced under 149 PHP.",1,Product:1
"Find a shop offering multiple items where: For a face moisturizer, the skin issue is discoloration, it contains carrot extract, and costs over 14 PHP. For a mug set, the color is green, model is 354654-298, it's a mug set, supports cash on delivery, and is priced below 918 PHP. For a perfume, the scent is for men and the price is under 78 PHP. For a shampoo bar, the brand is OEM and the price is above 44 PHP.",1,Shop:1
"Find shops selling slippers with color family '【a711】white（female size）', size '40-41code【the shoes are too small1-2code】', cash on delivery available, and price below 1549 PHP; high heels in black, size 34, plain pattern, pointed toe, brand oem, and price above 355 PHP; sandals in silver, size 37, split toe, platform heel, herringbone pattern, and price over 823 PHP; and slippers in white, size 42-43, made of eva, with free shipping, cash on delivery, and price under 1653 PHP.",1,Shop:1
"Find shops offering a women's watch with a quartz movement, square case, black strap with silver frame and white face, 0atm water resistance, 30mm dial, ordinary glass, and under 307 PHP; a leather watch strap, 18mm wide, creamy white with silver buckle, free shipping, and over 301 PHP; and a women's pocket watch with an alloy strap, quartz movement, and under 607 PHP.",1,Shop:1
"Find a shop offering these items: a weighted blanket cover sized 60x80in in dark blue, made from a polyester blend, priced above 475 PHP; a blue pet carrier bag for travel, costing more than 871 PHP; a Xiaomi scooter inner tube with 8.5 inch tire size and universal plug, priced over 124 PHP; and a white travel adaptor plug, with a price greater than 12 PHP.",1,Shop:1
"Find shops offering premium perfume products where one item is a red regular series single piece with free shipping and costs under 528 PHP, and another is an amber regular size single piece with the model '10ml roll on oil based perfume for women roll on flower absolu'.",1,Shop:1
"I'm looking for a gray mini shorts outfit made from stretchy fabric with a plain design, available with LazMall services. Also, I want a premium black eyelash glue in red variation, sold as a single item. Lastly, I need a jewelry box crafted from cartoon material.

My budget is only `228`, but I have a voucher with the following rules:
1. The voucher only applies to the products from the same shop.
2. It is valid only when the total price of the products exceeds `51`.
3. It provides a fixed discount of `10`.",1,Voucher:1
"I'm looking for a white wired mechanical keyboard and a black wireless esports headset that supports bluetooth, has 32 ohm impedance, and offers usb, bluetooth, or 2.4 ghz wireless connectivity.

My budget is only `18995`, but I have a voucher with the following rules:
1. The voucher only applies to the products from the same shop.
2. It is valid only when the total price of the products exceeds `5725`.
3. It provides a fixed discount of `1597`.",1,Voucher:1
"Looking for white concrete and floor paint with a glossy, washable finish from Davies in a 1L size, classic whites tone. Also searching for a small coffee table in nordic maple color (100*40), a grey side panel vinyl sticker for Mio Sporty (about 9.5 inches), and a 2-channel Bluetooth home audio amplifier with USB support and 3500w color.

My budget is only `3132`, but I have a voucher with the following rules:
1. The voucher applies to all products.
2. It is valid only when the total price of the products exceeds `2257`.
3. It provides a fixed discount of `478`.",1,Voucher:1
"Looking for a hanging paper holder for the bathroom, black flat Korean-style women's shoes in EU size 40 made of PU leather with a square toe for any occasion, and original VIVO in-ear wired earphones with 32 ohm impedance.

My budget is only `314`, but I have a voucher with the following rules:
1. The voucher applies to all products.
2. It is valid only when the total price of the products exceeds `295`.
3. It provides a percentage discount of `30%` with a cap of `145`.",1,Voucher:1
"Show me motorcycle batteries for universal models with 12v voltage, car batteries sized ns40 or b20 for smart vehicles with 12v, including product with services for automotive use, and car batteries sized 3sm, d31, or n70 for excel 24 models from motolite, 12v, year 2023, also with product with services.

My budget is only `11540`, but I have a voucher with the following rules:
1. The voucher only applies to the products from the same shop.
2. It is valid only when the total price of the products exceeds `8501`.
3. It provides a fixed discount of `2360`.",1,Voucher:1
"I'm looking for a Filipino-style sauce, a multipack of antibacterial laundry pods in a bag with high efficiency, and a 15-22cm plush toy for kids aged 4-6 years, color sitting tnt coolie, from the brand kukf.

My budget is only `198`, but I have a voucher with the following rules:
1. The voucher applies to all products.
2. It is valid only when the total price of the products exceeds `183`.
3. It provides a percentage discount of `15%` with a cap of `175`.",1,Voucher:1
"I'm looking for a dishwashing liquid with a lemon fragrance, a paint correction and premium wax set in gray, and a glossy tire black product from either top bright or fabs. Can you help me find these items?

My budget is only `824`, but I have a voucher with the following rules:
1. The voucher only applies to the products from the same shop.
2. It is valid only when the total price of the products exceeds `264`.
3. It provides a percentage discount of `22%` with a cap of `238`.",1,Voucher:1
"Looking for a rat repellent spray with 100 ml volume, packaged in plastic bottles, from the natura brand, and featuring anti-bacterial properties. Also searching for a tailor pencil in green color, with a crayon-type lead.

My budget is only `377`, but I have a voucher with the following rules:
1. The voucher applies to all products.
2. It is valid only when the total price of the products exceeds `40`.
3. It provides a percentage discount of `12%` with a cap of `19`.",1,Voucher:1
Looking for double-sided adhesive tape under 41 PHP?,1,Product:1
Looking for a rosary souvenir within a price range of 14 to 96 PHP.,1,Product:1
Show me black motorcycle accessories priced above 412 PHP.,1,Product:1
Show me oscillating fans priced above 79 PHP.,1,Product:1
Show me filter housing products that cost more than 140 PHP.,1,Product:1
"Show me small size dental products for treating cavities, especially for tooth decay.",1,Product:1
Show me door locks with free delivery and a price under 496 PHP.,1,Product:1
"Looking for headlight accessories for Ford Ecosport, specifically a set of 2 pieces, with cash on delivery available and priced above 686 PHP.",1,Product:1
Show me clear screen protectors for honor x9b 5g that support cash on delivery and cost more than 68 pesos.,1,Product:1
Looking for a blue wallet case for samsung s25+ with a price range from 71 to 229 pesos.,1,Product:1
"Find shops offering carpets where one product has a european style color, size m 120x160cm, and costs over 689 PHP; and another product features design-8 color, polyester material, european style, rectangle shape, size 140*200cm, supports cash on delivery, and is priced below 896 PHP.",1,Shop:1
"I'm looking for a shop that offers these items: a glass cup for drinks, a black family tree wall sticker with free delivery, a dark blue portable fan from OEM that's foldable, uses 6000ma power, and costs over 106 pesos, and a dragonfly white solar garden light priced under 459 pesos.",1,Shop:1
"Find shops offering both ceramic dinner plates: one that's a round, 10 inch long plate in white with a black edge, and another that's a 10 inch gold-rimmed dinner plate, both made of ceramic, with the gold-rimmed one priced under 171 pesos.",1,Shop:1
"Find shops offering multi-pack hair treatments with these features: First, a 250ml chocolate variant from epsa, cash on delivery available, priced below 193 PHP. Second, a 500ml sweet papaya option for frizziness, multi-pack, under 215 PHP. Third, a 250ml chocolate type for tangle-free and hair growth benefits, over 136 PHP. Lastly, a 500ml product for color protection from brazilian, priced above 111 PHP.",1,Shop:1
"Find shops offering dishwashing liquid where one product comes in a pouch with a lemon fragrance and costs between 13 and 63 pesos, and another comes in a bottle with a lemon scent and is priced above 148 pesos.",1,Shop:1
"Find shops offering a multi-pack tablet supplement priced between 248 and 287 PHP, and also selling a box of iron tablets with free shipping, priced above 35 PHP.",1,Shop:1
"Find toys with the following: first, a multicolor word game for kids aged 6+ focused on child development, available with LazFlash deals. Second, a family board game for unisex players aged 10+ with a fantasy or sci-fi theme, also with LazFlash offers. Third, a multicolor family card game for ages 10+ with a sports interest. Lastly, a family card game suitable for group play.

My budget is only `661`, but I have a voucher with the following rules:
1. The voucher only applies to the products from the same shop.
2. It is valid only when the total price of the products exceeds `666`.
3. It provides a fixed discount of `311`.",1,Voucher:1
"Looking for white porcelain chili bowls from gourdo's, a porcelain cake stand (model 0033801) by gourdo's, and a tulip ice bucket with stud knob from gourdo's that comes with complimentary shipping. The ice bucket should be in the ice buckets & tongs category.

My budget is only `1510`, but I have a voucher with the following rules:
1. The voucher only applies to the products from the same shop.
2. It is valid only when the total price of the products exceeds `706`.
3. It provides a percentage discount of `11%` with a cap of `289`.",1,Voucher:1
"I'm looking for a white seasoning blend for western cooking that can be stored in the cupboard, a black plain crop top made of stretchable cotton, a grey orange silicone strap compatible with OPPO Band, and a pink waterproof foldable duffel bag for travel.

My budget is only `337`, but I have a voucher with the following rules:
1. The voucher applies to all products.
2. It is valid only when the total price of the products exceeds `110`.
3. It provides a fixed discount of `49`.",1,Voucher:1
"I'm looking for a footstool in walnut with an orange technical fabric, an adjustable angle footrest that's good for putting on shoes, and a small axe with a plastic handle and integrated manganese steel blade.

My budget is only `1580`, but I have a voucher with the following rules:
1. The voucher only applies to the products from the same shop.
2. It is valid only when the total price of the products exceeds `1897`.
3. It provides a fixed discount of `557`.",1,Voucher:1
"Looking for a blue ray DVD player remote with color option 2101 or 1301, and price under 532 PHP.",1,Product:1
Looking for detergent powder priced from 340 to 2215 pesos,1,Product:1
Show me black plus size swimsuits for women with a plain design and a price above 193 PHP.,1,Product:1
"Looking for a black threaded 10-25 welding connector set, suitable for multi-process welders, from OEM brand, and priced under 541 PHP.",1,Product:1
"Looking for vitamin C tablets in orange flavor, 2g x 20 pieces, with a tablet formulation.",1,Product:1
"Looking for a travel organizer bag in upgraded net bag, small size, pink color, with free delivery and priced below 105 PHP.",1,Product:1
"Looking for a pink a5 binder notebook with both a5 and b5 paper sizes, priced under 32 pesos.",1,Product:1
"Looking for a black baseball cap with a green logo, one size fits all, featuring embroidered details, a casual vibe, a curved brim, and a logo design.",1,Product:1
"Find a shop offering all of these: (1) Ankle straps for cable machines in yellow, size 1pcs, for ankle use, available with cash on delivery, priced between 180 and 343 PHP; (2) Resistance bands set in purple, portable, under 138 PHP; (3) Leg compression sleeves in black, size S (youth), for calf area, brand geardrive, under 350 PHP. Only show shops selling all these fitness items together.",1,Shop:1
"Looking for a shop offering a green fish food under 208 PHP, a top filter for aquariums below 541 PHP, and a pack of aquascaping moss made with wood material for less than 58 PHP.",1,Shop:1
"Find a shop offering a car cleaner under 86 PHP and a silver car phone holder with model f16, universal voltage and plug, OEM brand, universal power use, and free shipping.",1,Shop:1
"Find shops offering casual sneakers in size 38, khaki color, with a casual style and priced above 129 PHP, as well as roller shoes in size 34, khaki color, and costing more than 1125 PHP.",1,Shop:1
"Find shops offering both crispy biscuits and macadamia nuts. For the biscuits, look for the flavor option '2box/40pack' and make sure the price is under 203 PHP. For the macadamia nuts, choose the '4pack' flavor, ensure the fruit type is macadamia nuts, the brand is sharke, and the price falls between 46 and 128 PHP.",1,Shop:1
"Find shops offering both a silvery multi-pack hair brush priced between 33 and 71 PHP, and a hairdressing tool kit with cash on delivery available, priced above 239 PHP. Use the basic categories: hair brush and tool kit.",1,Shop:1
"Find shops offering these products: (1) A plus size swimsuit for women with a round bs style, old rose color, swimsuit type, and price above 56 PHP; (2) A black button-up vest or tank top, size range xs to large, priced under 314 PHP; (3) Grey straight-fit cotton pants for women, regular size, plain pattern, suitable for parties, with free shipping, and price below 151 PHP.",1,Shop:1
"Find powerbanks where: (1) capacity is 10000mah, color is black, at least 5 ports, plug is type c, model is pb270, brand is comfast, battery type is lithium-ion; (2) capacity is 5000mah, color is grey, supports charging several devices, battery type is lithium-ion, output is usb c; (3) capacity is 10000mah, color is pink, input is type-c, has 2 ports, works with nvidia shield, output is usb c, plug is type c; (4) capacity is 15000mah, color is black, has 3 ports, supports quick charging, brand is comfast, plug is type c.

My budget is only `1931`, but I have a voucher with the following rules:
1. The voucher only applies to the products from the same shop.
2. It is valid only when the total price of the products exceeds `1775`.
3. It provides a percentage discount of `36%` with a cap of `1690`.",1,Voucher:1
"Looking for replacement parts like power and volume button flex cables for Tecno Spark 4 Lite with model eda004121762, volume and power button types, as well as display screens for Infinix Note 7 Lite, and also power and volume button flex cables for Itel A56 or A56 Pro.

My budget is only `845`, but I have a voucher with the following rules:
1. The voucher only applies to the products from the same shop.
2. It is valid only when the total price of the products exceeds `886`.
3. It provides a fixed discount of `221`.",1,Voucher:1
"I'm looking for a regular size hoodie jacket in the 'his queen her king' color family, suitable for any event, with a printed pattern. Also, I need a 38ml glue (6 pieces) wig adhesive that supports cash on delivery. Additionally, I'm searching for car mudguards in the 'chang' color, and a mountain bike repair tool made from alloy.

My budget is only `746`, but I have a voucher with the following rules:
1. The voucher applies to all products.
2. It is valid only when the total price of the products exceeds `342`.
3. It provides a fixed discount of `84`.",1,Voucher:1
"Looking for flood lights with 20000w size, buy 1 get 1 offer, and also a kugoo brand charger with 20w size, buy 1 take 1 deal. The charger should be compatible with iPhone and have a type-c connection.

My budget is only `303`, but I have a voucher with the following rules:
1. The voucher only applies to the products from the same shop.
2. It is valid only when the total price of the products exceeds `143`.
3. It provides a fixed discount of `53`.",1,Voucher:1
"I'm looking for sunscreen that is waterproof, helps lighten the skin, and comes in a cream form. Also, I'm interested in a whitening cream for dry skin that contains kojic acid. Can you show me options for these types of products?

My budget is only `673`, but I have a voucher with the following rules:
1. The voucher only applies to the products from the same shop.
2. It is valid only when the total price of the products exceeds `219`.
3. It provides a fixed discount of `78`.",1,Voucher:1
"Find a helmet lamp in tan color, a set of 3 assorted plus size casual plain squarepants with free delivery, and a regular fit white knitted vest for women in size S with v-neck, pullover style, and embroidery pattern.

My budget is only `617`, but I have a voucher with the following rules:
1. The voucher applies to all products.
2. It is valid only when the total price of the products exceeds `215`.
3. It provides a percentage discount of `15%` with a cap of `130`.",1,Voucher:1
"I'm looking for a women's vest in a black and light gray two-pack, size medium for 40-47.5kg, with a plain color design. Also, I need a black Bluetooth remote for mobile phones, suitable for taking selfies and controlling the camera.

My budget is only `224`, but I have a voucher with the following rules:
1. The voucher applies to all products.
2. It is valid only when the total price of the products exceeds `80`.
3. It provides a percentage discount of `12%` with a cap of `34`.",1,Voucher:1
"Looking for a chocolate-colored stationery gift set, a medium shade serum concealer for medium skin, and a solder paste in the 138 60g color family that supports cash on delivery. Please show options for each.

My budget is only `817`, but I have a voucher with the following rules:
1. The voucher applies to all products.
2. It is valid only when the total price of the products exceeds `1211`.
3. It provides a percentage discount of `48%` with a cap of `771`.",1,Voucher:1
"Looking for a rangefinder dial caliper in the color family 3, priced between 39 and 101 PHP. Product category: EKG calipers.",1,Product:1
"Looking for a dashboard trim frame for Toyota, priced above 454 PHP.",1,Product:1
"Show me flat sandals in gold, size 36, under 539 PHP.",1,Product:1
Show me vacuum cleaners with a power extractor type of vacuum and costing over 55 pesos.,1,Product:1
"Looking for comfy t-shirts for kids with the sb #09 design, available in extra small (6-12 months), featuring a graphic print style, perfect for summer, and priced above 51 pesos.",1,Product:1
Looking for coffee powder under 318 pesos.,1,Product:1
Show me unisex paper baskets in medium size under 620 PHP.,1,Product:1
"Show me bonding and curing agent adhesives under 788 pesos, specifically looking for Pioneer Pro products.",1,Product:1
"Find a shop offering these items: First, a milk product in cans, single can option, with free delivery and price under 1052 PHP. Second, a colostrum milk in cans. Third, a milk product with a 'buy 3 get 2' deal, priced between 170 and 1176 PHP.",1,Shop:1
"Looking for a shop offering both earphones: one with variation lp40 ii blue, 32 ohm impedance, Bluetooth enabled, model lp40 ii, and power usage between 1 and 500; and another with color xkt10 pro black, Bluetooth support, and price under 1199 PHP. Please show shops selling both types of headphones.",1,Shop:1
"Looking for a shop offering both a latex balloon set in a birthday backdrop color theme for babies under 363 PHP, and a random color balloon inflator tool priced between 13 and 49 PHP. Both should be in the party supplies category.",1,Shop:1
"Looking for a shop offering these items: First, a buffing disc with the variation polishing wool white, priced between 9 and 13 PHP, under the buffing tools category. Second, a water meter made of metal, type metal, used for water pumps, material metal, with a price range from 22 to 224 PHP, in the plumbing category. Third, a stainless adjustable hose clamp, size 1/2 (8-12mm), accessory type hose clamp, costing less than 9 PHP, in the clamps category.",1,Shop:1
"I'm looking for a shop that offers these items: First, a kitchen organizer in white bilayer luxury color and made of ceramic. Second, a mattress in double size (120cm by 200cm) with a tight top feature, priced between 72 and 523 pesos. Third, a foldable mattress in single size (60cm by 120cm), very firm comfort level, with a pillow top, and costing more than 100 pesos.",1,Shop:1
"I'm looking for a casual short sleeve crew neck t-shirt in size large that allows cash on delivery, and also a graphic print zipper keychain from Nick Automatic.

My budget is only `815`, but I have a voucher with the following rules:
1. The voucher only applies to the products from the same shop.
2. It is valid only when the total price of the products exceeds `746`.
3. It provides a fixed discount of `263`.",1,Voucher:1
"I'm looking for a vintage-style pink organizer pouch with a simple design, specifically a small soft earphone case. Also, I need a silicone baking mold for cakes or chocolate, preferably with moon and star shapes.

My budget is only `241`, but I have a voucher with the following rules:
1. The voucher applies to all products.
2. It is valid only when the total price of the products exceeds `95`.
3. It provides a fixed discount of `30`.",1,Voucher:1
"Looking for a red maxi dress in size medium with a plain design and sleeveless style, available for cash on delivery. Also searching for a Korean-style long dress in style2 color, size large, with a square neckline, made of cotton, and cash on delivery option.

My budget is only `1771`, but I have a voucher with the following rules:
1. The voucher only applies to the products from the same shop.
2. It is valid only when the total price of the products exceeds `1726`.
3. It provides a percentage discount of `13%` with a cap of `1344`.",1,Voucher:1
"Looking for a barbeque grill and a pet food scoop. The scoop should come in assorted colors and be simple to use.

My budget is only `308`, but I have a voucher with the following rules:
1. The voucher applies to all products.
2. It is valid only when the total price of the products exceeds `177`.
3. It provides a percentage discount of `31%` with a cap of `89`.",1,Voucher:1
"Looking for a baby bath tub in orange+bathtub color made from pp material, some ocean play balls in a 100pcs pack suitable for 18-24 months old, and a hooded bath towel in white+gery color crafted from broadcloth. Show me these baby products.

My budget is only `666`, but I have a voucher with the following rules:
1. The voucher only applies to the products from the same shop.
2. It is valid only when the total price of the products exceeds `120`.
3. It provides a fixed discount of `55`.",1,Voucher:1
"Find casual dresses in rose color with a plain pattern, navyblue pants made of challis fabric with printed designs, and oldrose mini self tie dresses with a relaxed style.

My budget is only `653`, but I have a voucher with the following rules:
1. The voucher only applies to the products from the same shop.
2. It is valid only when the total price of the products exceeds `336`.
3. It provides a percentage discount of `19%` with a cap of `70`.",1,Voucher:1
"Find products from art bar brand, including a permanent marker, an acrylic painting item with cash on delivery available, and a kawaii slime art kit. Also, look for a clay modeling set that comes with clay modeling tools.

My budget is only `1125`, but I have a voucher with the following rules:
1. The voucher only applies to the products from the same shop.
2. It is valid only when the total price of the products exceeds `643`.
3. It provides a percentage discount of `29%` with a cap of `368`.",1,Voucher:1
Show me single items from dear body with a price above 152 PHP in the fragrance mist category.,1,Product:1
"Looking for a foot rug in a girl's color, size small, and priced under 42 pesos.",1,Product:1
"Looking for a remote key fob for Mitsubishi, in options1 color, one size, and priced under 3297 PHP.",1,Product:1
Looking for nail art accessories under 162 PHP.,1,Product:1
Show me white cloudbuster balloons suitable for any gender.,1,Product:1
"Looking for gold black rear shocks for Yamaha, brand Mutarru, priced under 1584 PHP.",1,Product:1
Looking for badminton set from no brands that allows cash on delivery and costs under 362 PHP.,1,Product:1
"Looking for a LCD connector for Samsung Galaxy models that fits on the mainboard, comes as a single piece, and costs under 143 PHP.",1,Product:1
"Find a shop offering a tricycle cover for large sizes and also selling a cover for Bajaj, Piaggio, or TVS King with the model piaago, in blue or black color, and priced between 484 and 1379 PHP.",1,Shop:1
"Find shops offering women's heels and wedges that match these preferences: First, a mocha color, UK size 5, high heel (5-8cm), hook and loop closure, made in 2018. Second, an old rose color, UK size 8, plain pattern, leather material, block heel, mid heel (3-5cm), slip-on style, suitable for casual use, and priced under 518 PHP. Third, a white color, UK size 6, mid heel (3-5cm), casual occasion, and created in 2018.",1,Shop:1
"Find a shop offering these items: (1) a wired keyboard for under 294 PHP, (2) a pack of 5 CR2032 3V motherboard batteries for less than 25 PHP, (3) a Bluetooth 5.0 USB audio adapter with wireless connectivity and speed 5.0, priced below 214 PHP, and (4) a secondhand Lenovo membrane wired keyboard with cash on delivery available. All products should match the described features and price limits.",1,Shop:1
"Looking for a pet shampoo in the pets category, 500ml size, lavender scent, and available for cash on delivery. Also searching for a medical walker in the health care category, double wheel type a color, with warranty included.

My budget is only `1277`, but I have a voucher with the following rules:
1. The voucher applies to all products.
2. It is valid only when the total price of the products exceeds `619`.
3. It provides a fixed discount of `110`.",1,Voucher:1
"Looking for a tan leather boat sneaker in US size 6, a single portable folding bed with a brass frame and a bed mat measuring 175 by 56 cm, a 2100W handheld electric air blower with vacuum function, and a premium travel-size perfume from Smart Collection with a woody, amber, spicy, and metallic scent.

My budget is only `4696`, but I have a voucher with the following rules:
1. The voucher applies to all products.
2. It is valid only when the total price of the products exceeds `5594`.
3. It provides a fixed discount of `1985`.",1,Voucher:1
"Looking for maruni orange cement, maruni black tube patch with free shipping, maruni black tire patch from japan with cash on delivery, and maruni black tire patch from japan model mr-10.

My budget is only `3572`, but I have a voucher with the following rules:
1. The voucher only applies to the products from the same shop.
2. It is valid only when the total price of the products exceeds `3506`.
3. It provides a percentage discount of `14%` with a cap of `3047`.",1,Voucher:1
"Looking for jacketed telephone wires, a baby toy in 1pcs color option that supports cash on delivery, and Yamaha MIO sporty mags stickers in yellow white vinyl.

My budget is only `1404`, but I have a voucher with the following rules:
1. The voucher applies to all products.
2. It is valid only when the total price of the products exceeds `1074`.
3. It provides a percentage discount of `44%` with a cap of `679`.",1,Voucher:1
"Looking for a dashboard cover in carbon fiber leather for Hyundai Grand Starex, a steering wheel cover in black and red that supports cash on delivery, chewy tamarind candy in a box suitable for cupboard storage, and a set of 3 sunscreen sprays for all skin types with a moisturizing liquid formula, multi-pack, and normal skin compatibility.

My budget is only `860`, but I have a voucher with the following rules:
1. The voucher applies to all products.
2. It is valid only when the total price of the products exceeds `444`.
3. It provides a fixed discount of `182`.",1,Voucher:1
Show me plastic lunch boxes with lids from b.box that cost over 300 pesos.,1,Product:1
Show me coin purses under 102 PHP in the (square 11x7.5) sitting in the corner color option.,1,Product:1
"Show me alloy necklaces without any stones or gems, priced under 52 PHP.",1,Product:1
"Looking for aircon capacitor with 17+2.5uf dual rating, priced under 392 pesos.",1,Product:1
"Looking for wireless earphones with noise isolating capability, low energy usage between 1 and 500, operates on 5v input, and costs more than 14 pesos.",1,Product:1
"Looking for a black shock-resistant back cover for vivo 1811 under 159 pesos, compatible with vivo phones.",1,Product:1
"Looking for a clay & dust car polish, specifically a medium detailing clay bar.",1,Product:1
"Find a shop offering these three items: First, a men's vest in black, size medium, with LazMall service and priced above 12 PHP. Second, a men's bucket hat in light green, one size, made of polyester, with a plain pattern and casual style, priced between 348 and 465 PHP. Third, a men's jacket in dark blue, size 5XL, single breasted closure, from the Fuguiniao brand, made of denim, with full sleeves, suitable for spring, and priced from 349 to 1456 PHP.",1,Shop:1
"Find shops offering a multi-pack of cotton pads from a mass brand, priced above 20 pesos. Also, look for a moisturizing body lotion in lotion form, available with cash on delivery, and costing more than 152 pesos. Additionally, search for a whitening bar soap under 195 pesos.",1,Shop:1
"Find shops offering phone cases that match these: First, a blue TPU case for Huawei Nova 5T, compatible with Huawei, priced under 202 PHP. Second, a camouflage shockproof case for Samsung A25 5G or A05S 4G, with a nature theme, for less than 185 PHP. Third, a green case with built-in stand for Oppo A16, nature-themed, under 100 PHP. Lastly, a black TPU case for Oppo A94, compatible with Oppo, under 201 PHP. Show only shops selling all these types of phone cases.",1,Shop:1
"Find a shop offering a sticker booklet under 168 PHP, a mini water gun toy pad above 128 PHP with cash on delivery, and assorted pogs (1 kilo) for less than 277 PHP.",1,Shop:1
"Find shops offering multiple items where: one is a squishy toy in white, ships for free, and costs under 285 PHP; another is a squishy toy in white, priced above 5 PHP; a third is a bread squishy toy with cash on delivery available and costs less than 214 PHP; and the last is a cookie squishy toy in neo bright color, priced from 24 to 72 PHP.",1,Shop:1
"Find shops offering both a motor switch and a bobbin winder for sewing machines, where the motor switch comes with complimentary shipping and costs above 14 PHP, and the bobbin winder is priced over 4 PHP.",1,Shop:1
"Find shops offering both a turret-style security camera with night vision, universal plug, 12v input, and priced between 1287 and 3309 PHP, as well as a smart bulb with 9-watt power, 220v input, energy use up to 500, and costing under 235 PHP.",1,Shop:1
"Looking for a shop offering both a whitening lotion with vi̇tami̇n e, sold as a single item in regular size, priced above 101 PHP, and a spa salt product priced between 151 and 328 PHP. Please show stores that have both these items available.",1,Shop:1
"I'm looking for an acrylic holder, a green auto cleaning brush, and a set of 5pcs water or juice glasses from oem.

My budget is only `214`, but I have a voucher with the following rules:
1. The voucher applies to all products.
2. It is valid only when the total price of the products exceeds `188`.
3. It provides a percentage discount of `40%` with a cap of `145`.",1,Voucher:1
"Looking for headlight bulbs compatible with h3 car headlights, featuring a white light at 6500k color temperature, suitable for use as tail lights, and from the c6 led brand. Also interested in a compact charger for 2s-3s lithium batteries, supporting 7.4v and 11.1v, ideal for RC toys or home use.

My budget is only `227`, but I have a voucher with the following rules:
1. The voucher only applies to the products from the same shop.
2. It is valid only when the total price of the products exceeds `229`.
3. It provides a percentage discount of `42%` with a cap of `207`.",1,Voucher:1
"Looking for a cockroach bait in black color, single pack, eco-friendly and comes in a pack. Also interested in a toilet brush multipack that comes in a bottle for cleaning bathroom tiles. Additionally, searching for a foam mattress sized 72x78x6 with a high-density foam cushion layer and hypoallergenic properties.

My budget is only `6754`, but I have a voucher with the following rules:
1. The voucher applies to all products.
2. It is valid only when the total price of the products exceeds `5212`.
3. It provides a fixed discount of `628`.",1,Voucher:1
"I'm looking for a single pack of cashew nuts and a moisturizing lotion for hands or feet from Derm Options.

My budget is only `1441`, but I have a voucher with the following rules:
1. The voucher applies to all products.
2. It is valid only when the total price of the products exceeds `319`.
3. It provides a percentage discount of `15%` with a cap of `48`.",1,Voucher:1
"Looking for a gooseneck microphone, model tr-988. Also searching for a red tail lamp for Honda City. Interested in 3D Fish JESUS stickers in blue or gold, with cash on delivery available. Lastly, need a traditional aluminium pot set.

My budget is only `2953`, but I have a voucher with the following rules:
1. The voucher applies to all products.
2. It is valid only when the total price of the products exceeds `622`.
3. It provides a fixed discount of `175`.",1,Voucher:1
"Looking for medium roast decaf coffee beans, whole bean type, in a 500g pack. Also searching for a screen protector compatible with Samsung J1.

My budget is only `389`, but I have a voucher with the following rules:
1. The voucher applies to all products.
2. It is valid only when the total price of the products exceeds `170`.
3. It provides a percentage discount of `21%` with a cap of `96`.",1,Voucher:1
"Show me rejuvenating sets for oily skin that are hydrating, serums with collagen for fading dark spots and brightening, and single item whitening sets for dry skin.

My budget is only `743`, but I have a voucher with the following rules:
1. The voucher only applies to the products from the same shop.
2. It is valid only when the total price of the products exceeds `342`.
3. It provides a fixed discount of `64`.",1,Voucher:1
"Show me suzuki brand decals in magenta for suzuki motorcycles.

My budget is only `758`, but I have a voucher with the following rules:
1. The voucher applies to all products.
2. It is valid only when the total price of the products exceeds `719`.
3. It provides a fixed discount of `358`.",1,Voucher:1
"I'm looking for a guyker brand guitar accessory in 14in color, and also a set of two white portable mini fans with free shipping.

My budget is only `529`, but I have a voucher with the following rules:
1. The voucher applies to all products.
2. It is valid only when the total price of the products exceeds `437`.
3. It provides a fixed discount of `46`.",1,Voucher:1
"Looking for a square paper box set with 25 pieces, priced under 88 pesos.",1,Product:1
Show me eye cream products in the 4 bottles variant that cost more than 17 PHP.,1,Product:1
"Looking for boys clothing in khaki, size 120cm, with a lapel collar, from oem brand, suitable for casual wear, free shipping, and under 201 PHP.",1,Product:1
"Show me premium men's fragrance products from prescripto with the rx82 scent, 60 ml bottle, and priced above 3 PHP.",1,Product:1
"Looking for a white regular-fit shirt in XXL with an o-neck and short sleeves, made from high-quality cotton, priced between 194 and 343 PHP.",1,Product:1
Looking for white magnesium chloride flakes in a single pack that are soothing for the body and made with magnesium chloride flakes. Product type: bath salt.,1,Product:1
Show me charging port boards for ZTE with a cost above 124 PHP.,1,Product:1
"Looking for a purple (a1+film) phone case for tecno kl4h with a built-in screen guard, compatible with tecno phones, and priced under 240 PHP.",1,Product:1
"Find shops offering these products: 1) A kitchen sink sized 80cm by 45cm, in black, with a stainless steel finish and a pull-out faucet, priced under 8065 PHP. 2) A solar-powered LED tower-type traffic light, color family 9v 8ah, for less than 5351 PHP. 3) A memory foam seat cushion in grey and black1, with a patterned design, model 0dum3, under 678 PHP. 4) A food waste disposer for the kitchen, costing more than 3893 PHP.",1,Shop:1
Find shops offering multiple items where: one is a blue multipack bundle with a price above 138 PHP; another is a samurai paint brand liquid paint priced between 38 and 355 PHP; a third is a samurai paint brand paint spray with free shipping and under 536 PHP; and a fourth is a spray paint with a price over 20 PHP. All items should be in the paint category.,1,Shop:1
"Find shops offering maxi dresses made of nylon spandex with a plain pattern, v-neck, and maxi length for under 142 PHP; also maxi dresses in cotton, regular size, freesize color, priced between 28 and 166 PHP; plus shoe covers for kids (girl, 4-7 inch) under 27 PHP.",1,Shop:1
"Find shops offering throttle sensor products where: the first item allows cash on delivery and costs under 1134 PHP; the second item is priced below 768 PHP; the third item is a daewoo make, includes product with services, has model attributes_model, and costs more than 244 PHP; and the fourth item is available for less than 754 PHP.",1,Shop:1
"Find shops offering a dish rack with one tier, made of polypropylene, from the brand upsen, and priced above 59 PHP; an ergonomic gaming chair in pulley-black, with high back, armrests, and mesh lumbar support; a tent cover in 2x2m red, made with carbon fiber poles, from the brand we, and priced between 25 and 338 PHP; and a wooden desk in walnut color (100*50*74cm), featuring a keyboard tray, and costing more than 595 PHP.",1,Shop:1
"Find a shop offering both a cotton casual t-shirt in xxs size, white color, with a graphic print, and another casual t-shirt in xl size, red color, short sleeves, round-neck, printed design, and priced above 78 pesos. Both should be in the t-shirt category.",1,Shop:1
"Looking for a shop offering these items: a white omni brand emergency light with model ael t30; a powerpoints type omni aircon tandem outlet priced below 165 pesos; and an omni brand electrical tape, et 4m red variant, with electrical tape adhesive, costing more than 8 pesos.",1,Shop:1
"I'm looking for a shop that offers these items: First, a travel size cream for combination skin from Skinmate, priced under 126 PHP. Second, a single pack moisturizing soap for normal skin, also travel size, from Skinmate, with a price above 61 PHP. Third, a single pack whitening soap for normal skin, from Skinmate, with mass brand classification, whitening ingredients, free shipping, and costs more than 31 PHP.",1,Shop:1
"Find shops offering a chrome center stand spring compatible with universal motorcycle models and made by yamaha mio, priced above 63 PHP, as well as a bajaj brake pedal spring replacement part.",1,Shop:1
"Find shops offering photo paper with 210 gsm and under 82 pesos, a green reversible white board sized 7x10 inches from hbw, and index cards in 3x5 color family with 4x6 type.",1,Shop:1
"Find metal snap fasteners, a stainless steel trash can with a foot pedal in size gf8-50l(champagnegol) and bag capacity between 30 and 34 liters, a gold shockproof phone case for OPPO A74 4G with airbag corners, and a soft squishy toy for stress relief.

My budget is only `2979`, but I have a voucher with the following rules:
1. The voucher applies to all products.
2. It is valid only when the total price of the products exceeds `423`.
3. It provides a fixed discount of `137`.",1,Voucher:1
"Looking for virbac supplements for all life stages. First, I want a 4ml megaderm sachet pack (expiring Feb 2026) with 28 pieces in a box. Next, I'm interested in a nutriplus gel for cats, 120g, that comes with free shipping and cash on delivery. Lastly, I need a virbac nutriplus gel (10-pack, expiring Sep 2026), made in France, also with cash on delivery. Please show options from the virbac brand.

My budget is only `2045`, but I have a voucher with the following rules:
1. The voucher only applies to the products from the same shop.
2. It is valid only when the total price of the products exceeds `605`.
3. It provides a percentage discount of `34%` with a cap of `550`.",1,Voucher:1
"Looking for a charging cable with universal plug and USB2 data speed up to 480mbps, a pneumatic hose in 3m color family, and a set of 100 metallic balloons in red, suitable for unisex kids aged 7 months or older.

My budget is only `229`, but I have a voucher with the following rules:
1. The voucher applies to all products.
2. It is valid only when the total price of the products exceeds `97`.
3. It provides a fixed discount of `45`.",1,Voucher:1
"I'm looking for skinny slacks in charcoal grey, size EU 33, with a skinny fit. Also, I want a unisex jacket suitable for winter with full sleeves and cash on delivery available. Next, I need a waterproof bomber jacket in navy blue, size medium, with a zipper closure, plain design, full sleeves, and suitable for all seasons. Lastly, I'm searching for garterized slacks in black, waist size 46, full length, made from palm beach fabric, originating from the Philippines, and offering free shipping.

My budget is only `1650`, but I have a voucher with the following rules:
1. The voucher only applies to the products from the same shop.
2. It is valid only when the total price of the products exceeds `823`.
3. It provides a fixed discount of `254`.",1,Voucher:1
"I'm looking for women's platform sandals in size 39, color white, and also need a waterproof sealing strip for the bathtub or kitchen that uses double-sided tape.

My budget is only `133`, but I have a voucher with the following rules:
1. The voucher applies to all products.
2. It is valid only when the total price of the products exceeds `161`.
3. It provides a fixed discount of `47`.",1,Voucher:1
"Looking for an elegant pink shift dress in XL with a long lace design, off-shoulder neckline, and long sleeves. Also searching for a rechargeable LED flashlight. Interested in a premium diecast car collectible under 5 inches, without protector, suitable for kids 3+ years, from Hotwheels, for collectors. Lastly, want a brown ribbed knit top with button-down collar, plain pattern, free size, and short sleeves.

My budget is only `1499`, but I have a voucher with the following rules:
1. The voucher applies to all products.
2. It is valid only when the total price of the products exceeds `737`.
3. It provides a percentage discount of `10%` with a cap of `451`.",1,Voucher:1
"Show me USB-C cables with a data transfer speed of up to 480 Mbps.

My budget is only `455`, but I have a voucher with the following rules:
1. The voucher applies to all products.
2. It is valid only when the total price of the products exceeds `691`.
3. It provides a percentage discount of `43%` with a cap of `626`.",1,Voucher:1
"Looking for a quiet book in melody 18*18cm color, toy story brand, suitable for kids 3 years and older, unisex, with 5v input, 5000+ power usage, US plug, and cash on delivery. Also searching for a spray paint in 1039 gloss black, bosny brand, available as a bundle. Need a phone case for samsung a54 5g, blue color, made of PU leather, flip wallet style, fits samsung galaxy series. Lastly, want red envelopes, 12pcs hello kitty 3 color, model ht380386.

My budget is only `366`, but I have a voucher with the following rules:
1. The voucher applies to all products.
2. It is valid only when the total price of the products exceeds `350`.
3. It provides a percentage discount of `34%` with a cap of `203`.",1,Voucher:1
"Looking for a black phone case compatible with Xiaomi, specifically for the redmi a3 model.",1,Product:1
"Looking for kids socks in grey, sized for 1-3 years old, weighing around 60 grams, made from soft combed cotton, and priced under 422 PHP.",1,Product:1
"Looking for circular saw accessories like blade rings that fit circular saw blades, priced under 98 PHP.",1,Product:1
Looking for multi-colored ink for Canon printers priced above 99 PHP,1,Product:1
Looking for an affordable bracelet made of alloy with a pearl as the main stone.,1,Product:1
"Looking for a book bag in astronaut color with a cartoon design, that comes with free delivery and supports cash on delivery.",1,Product:1
"I'm looking for a shop that offers both of these: First, a kocotree brand schoolbag for kids. Second, a green student bag that's waterproof, comes with free shipping, supports cash on delivery, and is priced above 762 PHP. Can you help me find a store selling both types of backpacks?",1,Shop:1
"Find a shop offering both an inner tube for TMX125 Alpha and a speedometer cable for Yamaha, with the cable priced under 107 PHP.",1,Shop:1
"Find a shop offering a brim hat made of fabric and a long-sleeve street sweeper uniform with a simple, plain design, priced under 70 pesos.",1,Shop:1
"Find shops offering both a women's tank top and a casual top. For the tank top, look for black (2 pieces), medium size, regular fit, made of cotton spandex, and priced under 275 PHP. For the casual top, search for black (2 pieces), medium size, plain pattern, and priced below 260 PHP.",1,Shop:1
"Looking for a shop offering a car air freshener with a marine squash scent, and also selling dishwashing liquid sticker labels for 1 gallon bottles, strawberry fragrance, sticker label packaging, and priced above 36 pesos.",1,Shop:1
"Find shops offering watches where one is a skmei brand with a dial size below 25 mm, shockproof, stainless steel band, Japanese quartz movement, and 30m water resistance; and another is a blue-strap watch with a rubber band, digital movement, stopwatch function, 45mm dial, 50m water resistance, and costs under 651 PHP.",1,Shop:1
"Looking for a shop offering both a dark blue cap or hat accessory for glass vials with cash on delivery, priced between 453 and 819 PHP, and a silver aluminum crimp seal cap with PTFE/blue silicone septa, under 1449 PHP. Both should be in the vial accessories category.",1,Shop:1
"I'm looking for a shop that offers both of these: First, a cycling bottom in nude, black, and white colors, made of spandex, suitable for cycling activities, and priced between 67 and 145 pesos. Second, a women's swimwear set in brown, size XL, with a plain pattern, and the price should be from 47 to 363 pesos. Please show me shops that have both these items.",1,Shop:1
"Find a shop offering both a camera gimbal stabilizer for DSLR/mirrorless cameras in the combo package color option, and a smartphone gimbal stabilizer with standard package color, 3-axis, from zhiyun brand, that includes free shipping, supports cash on delivery, and costs under 8370 PHP.",1,Shop:1
"Looking for a car charger that supports qi wireless charging and uses a type c connector. Also interested in a lawn mower accessory, specifically a throttle switch assembly in the honda side hanging left hand handle color option.

My budget is only `812`, but I have a voucher with the following rules:
1. The voucher applies to all products.
2. It is valid only when the total price of the products exceeds `204`.
3. It provides a fixed discount of `96`.",1,Voucher:1
"Looking for a blue large closet organizer with various size and color options, a Seagate brand portable external hard drive, and a black camping water container with wheels.

My budget is only `2947`, but I have a voucher with the following rules:
1. The voucher applies to all products.
2. It is valid only when the total price of the products exceeds `792`.
3. It provides a fixed discount of `115`.",1,Voucher:1
"I'm looking for sgb herbs tea, a blue polycarbonate protective case for Microsoft Surface Pro, a 1box color soft bristle toothbrush set, and a black scece digital men's watch. Can you help me find these items?

My budget is only `1562`, but I have a voucher with the following rules:
1. The voucher applies to all products.
2. It is valid only when the total price of the products exceeds `1125`.
3. It provides a fixed discount of `277`.",1,Voucher:1
"I'm looking for a washing machine in blue that supports cotton wash cycles, and also a countertop blender with a glass jug, 1.5L jug size, 2L capacity, and 350W power usage.

My budget is only `4028`, but I have a voucher with the following rules:
1. The voucher only applies to the products from the same shop.
2. It is valid only when the total price of the products exceeds `721`.
3. It provides a percentage discount of `27%` with a cap of `255`.",1,Voucher:1
Show me fabric or glass paint options under 361 pesos.,1,Product:1
Looking for bamboo kitchen stirrers priced from 15 to 29 pesos.,1,Product:1
Looking for a brown pvc door pad under 86 pesos that allows cash on delivery.,1,Product:1
"Looking for a men's polo shirt in creamy white (not plain white), size 3XL, with a youthful style for summer. Please show options priced above 568 PHP.",1,Product:1
"Looking for a large pack of mix biscuit with low sugar content, priced between 222 and 1292 pesos.",1,Product:1
Show me red quick throttles for Yamaha universal bikes that cost over 100 pesos.,1,Product:1
Show me Montessori toys priced above 40 pesos.,1,Product:1
"Show me casual Swiss Polo sling bags in black, made from PU leather, model HML 23052, priced above 654 PHP.",1,Product:1
"Looking for rectangle yellow stickers, 7 inches, set of 2, under 104 PHP.",1,Product:1
"Looking for a shop offering these items: a rearview mirror with a clear lens, universal fit for motorcycles, just the product (no extra services), and priced under 366 PHP; a handle switch compatible with Honda Click, make is smart, and costs more than 135 PHP; cycling sunglasses in color family 'd', priced above 49 PHP; and a pair of mini driving lights (model: 2pcs mini lights+swi), universal for motorcycles, under 85 PHP. Please show shops that have all these products.",1,Shop:1
"Find a shop offering both a pink silicone piping bag for cake decorating and a single-piece stainless steel piping tip, made from stainless steel, with free delivery and priced under 55 PHP.",1,Shop:1
"Find shops offering phone cases that match these preferences: For the first product, I want a case for samsung a03s/a02s in the #y3 color, with a shockproof feature, made from hard pc, with a pattern theme, and priced above 18 PHP. For the second, I'm looking for a case for iphone x/xs in #y2 color, compatible with apple, with a cute & sweet theme, from nobrand, available for cash on delivery, and priced between 14 and 97 PHP. For the third, I need a case for realme c33 in #y4 color, compatible with realme, and it's a case type. For the fourth, I want a case for redmi note 9 pro/9s in #y2 color, made of soft tpu, with a cute & sweet theme, from nobrand, model redmi, case type, and under 89 PHP. Show me shops that sell all these kinds of phone cases.",1,Shop:1
"Find shops offering a brown casual card holder purse for women priced above 58 PHP, and also selling a yellow plain nylon chest bag (model h8283) for unisex, suitable for casual use, with free shipping and costing less than 160 PHP.",1,Shop:1
"Find shops offering both a hair straightening cream priced under 437 PHP and a set of sectioning clips for hairdressing that costs more than 63 PHP, with the clips available with complimentary shipping. Focus on the main categories: hair care and hair accessories.",1,Shop:1
"Find shops offering water bottles where one has a 22oz capacity and costs more than 139 PHP, another is a violet 32oz bottle made from 304 stainless steel, and a third is a grey 32oz bottle priced below 355 PHP.",1,Shop:1
"Find shops offering jewelry items where one product has a warranty code jm-459, comes in a golden color, and costs under 757 PHP, and another product is made of copper, has a geometric model, and is priced below 992 PHP.",1,Shop:1
"Looking for a shop offering a Haier fridge with adjustable racks, no frost cooling, under 20848 PHP, and a Haier washing machine with quick wash, 700 rpm spin, inverter tech, model hwm85-b326b, priced below 18599 PHP.",1,Shop:1
"I'm looking for a clear base coat from Orly, a Vanity threading thread, a multi-pack of Luxe Organix anti-aging serum lotion that's paraben-free, and a clear topcoat. Can you help me find these products?

My budget is only `2191`, but I have a voucher with the following rules:
1. The voucher only applies to the products from the same shop.
2. It is valid only when the total price of the products exceeds `671`.
3. It provides a fixed discount of `289`.",1,Voucher:1
"I'm looking for a white pots and pans organizer from bodybuy.net that comes with a lid. Also, I need a tile red rain or shine brand concrete floor paint in a 1 liter size, with a low sheen finish and quick drying feature, preferably in the rain or shine color tone.

My budget is only `451`, but I have a voucher with the following rules:
1. The voucher applies to all products.
2. It is valid only when the total price of the products exceeds `399`.
3. It provides a fixed discount of `198`.",1,Voucher:1
"Looking for a nail polish in cherry red shade from the red color family, quick drying and long lasting. Also searching for a blue casual dashiki with short sleeves, one size fits all, and available for cash on delivery.

My budget is only `148`, but I have a voucher with the following rules:
1. The voucher applies to all products.
2. It is valid only when the total price of the products exceeds `138`.
3. It provides a percentage discount of `17%` with a cap of `125`.",1,Voucher:1
"I'm looking for a black umbrella made of pongee, model 3135, in the umbrella category. Also, I want a summer raincoat with a hood, designed for sporty or street style. Additionally, I'm interested in an automatic umbrella with a star pattern, available in random colors, one size, crafted from satin, suitable for all seasons. Lastly, I need a white automatic sunscreen umbrella.

My budget is only `1520`, but I have a voucher with the following rules:
1. The voucher only applies to the products from the same shop.
2. It is valid only when the total price of the products exceeds `290`.
3. It provides a fixed discount of `80`.",1,Voucher:1
"Show me brown 132 trays with cash on delivery available, priced above 38 PHP in the food tray category. cod",1,Product:1
"Looking for a black OEM strap and case for Galaxy Watch 5 or 4 (44mm), under 249 pesos.",1,Product:1
Looking for cute anime brooch in color option 1,1,Product:1
"Show me plastic storage boxes in a traditional style, with two white layers, a lid, and priced under 289 pesos.",1,Product:1
"Show me unisex gold watches by poshi with a square case, stainless steel strap, and gold black strap color, priced from 205 to 497 PHP.",1,Product:1
Show me red motorcycle brackets under 181 PHP.,1,Product:1
Show me nude cargo pants for women under 144 PHP.,1,Product:1
"Show me light brown leather watch bands for Huawei GT 3 Pro 46mm, compatible with Huawei Watch GT 3 Pro 43mm, and priced above 22 PHP.",1,Product:1
"Find a shop offering a round Seiko 5 watch with a black dial, branded and authentic, supports cash on delivery, and costs over 536 PHP. Also, look for a round, gold Seiko 5 watch with a silver color, waterproof feature, automatic movement from Japan, 38mm dial, for women, and branded and authentic. Additionally, search for a pink kids umbrella with a classic style, suitable for all seasons, and priced above 19 PHP. official cod",1,Shop:1
"Looking for a shop offering black shoes for kids and ladies. For the first item, I need size EU 36, black color, suitable for children aged 6 to 10, and must support cash on delivery. For the second item, I want black shoes for kids, size EU 28, type should be shoes, and the price should be under 133 pesos. cod",1,Shop:1
"Looking for a shop offering these items: First, men's cargo shorts in green, size EU 32, with a plain design, elastic waist, casual style, and priced under 545 PHP. Second, men's skinny jeans in dark blue, size EU 31, with a skinny fit, full length, regular waist, and a light wash. Third, women's plus size skinny jeans in black, size EU 35, ankle length, elastic waist, made from cotton linen, and comes with free shipping. Lastly, men's cargo pants in grey, size EU 35, full length, regular fit, cargo pattern, and priced above 51 PHP.",1,Shop:1
"Find a shop offering these items: First, a 4-stroke scooter oil with a price above 81 PHP. Second, a throttle body for a mio i 125 32mm scooter, from the rs8 brand, priced between 937 and 5166 PHP. Third, a set of 4.5mm valve seals (4 pieces) from rs8, for products only, costing less than 144 PHP.",1,Shop:1
Find shops offering products in the 'patches' category where: one item has color_family '8' and costs over 24 PHP; another has color 'db0035ct' and is priced between 167 and 302 PHP; and a third features color_family 'tiger 6' with a price below 293 PHP.,1,Shop:1
"Find shops offering sleepwear sets for women in large size, color #4 kuromi, with a floral pattern, suitable for females, and priced under 319 PHP. Also, look for kids' silk satin pajama sets for boys in color #3, size 6-7 years, with cartoon prints, ideal for summer, and costing less than 527 PHP. Additionally, search for women's loungewear sets in extra large, color #14, with striped patterns, size class l/xl or l, made from milky cotton, and under 334 PHP. Lastly, include women's sleepwear sets in medium, color #7, with floral designs, and priced above 90 PHP.",1,Shop:1
"Find a shop offering multiple products in the pillows category where: For the first item, the size is 11x11 inches, shape is standard, filled with cotton, supports cash on delivery, and costs under 51 PHP. For the second, the size is 5x5 inches, filled with microfiber, and priced below 74 PHP. For the third, the height is 8 inches, shape is bolster, made from 100% cotton, filled with cotton, model year is 2025, suitable for both boys and girls, for kids, length is 16 inches, and the price is between 63 and 128 PHP. cod",1,Shop:1
Find shops offering a wig in color b1 under 1137 PHP and a classic Halloween costume for adults under 1200 PHP.,1,Shop:1
"Find shops offering molded case circuit breakers from the brand mircoe with 3p 125a specification, priced below 1927 PHP, and also selling load-type electric contactors with model sc-03-11a, each under 707 PHP.",1,Shop:1
"Show me Honda swing arm bushing from LazMall, Honda valve seal steam by honda, Honda torque drive oil seal for honda bikes with free shipping and LazFlash deals, and Yamaha sniper 135 speedometer gear box for motorstar sniper 135. I'm looking for these motorcycle parts.

My budget is only `720`, but I have a voucher with the following rules:
1. The voucher only applies to the products from the same shop.
2. It is valid only when the total price of the products exceeds `681`.
3. It provides a fixed discount of `205`. official",1,Voucher:1
"I'm looking for a gajah tunggal truck tire and also a set of 10 stainless steel spring bars for a smartwatch strap, size 18mm, with free shipping and cash on delivery options.

My budget is only `5630`, but I have a voucher with the following rules:
1. The voucher applies to all products.
2. It is valid only when the total price of the products exceeds `3691`.
3. It provides a percentage discount of `13%` with a cap of `1331`. cod",1,Voucher:1
"I'm looking for some jewelry items. First, a silver bangle for women that's one size, made of sterling silver plated material, and doesn't have any gemstones. Next, a trendy women's necklace with a butterfly knot pendant, about 80 cm long, in a silver color, featuring rhinestones as the main stone and material. Also, a silver bracelet for women that's around 25 cm in length. Lastly, a high-quality gold-plated necklace for women with a frosted flower pendant, where the main stone is gold, and I'd like it to come with free shipping and cash on delivery options.

My budget is only `251`, but I have a voucher with the following rules:
1. The voucher only applies to the products from the same shop.
2. It is valid only when the total price of the products exceeds `127`.
3. It provides a fixed discount of `16`. cod",1,Voucher:1
"Looking for a lunch box in blue (4 layers) that's space-efficient, a plastic ice cube tray with a manual opener, a lightweight brown kids chair that's easy to carry, and an egg holder container set with a 4700 ml capacity.

My budget is only `885`, but I have a voucher with the following rules:
1. The voucher only applies to the products from the same shop.
2. It is valid only when the total price of the products exceeds `458`.
3. It provides a fixed discount of `164`.",1,Voucher:1
"Show me wooden ref covers in mocha color with a minimalist style, valancer curtains sized 60 by 15 made from pure cotton, and deep blue sheer curtains that are 152 cm wide and 372 cm long with sheer features.

My budget is only `230`, but I have a voucher with the following rules:
1. The voucher only applies to the products from the same shop.
2. It is valid only when the total price of the products exceeds `195`.
3. It provides a percentage discount of `25%` with a cap of `133`.",1,Voucher:1
"I'm looking for some pink balloons for a baby's first birthday, a black storage bag for airline headset accessory kits, a deep blue henna shampoo bar as a single item, and a golden yellow bottle brush plant from the no brand label. Can you help me find these products?

My budget is only `553`, but I have a voucher with the following rules:
1. The voucher applies to all products.
2. It is valid only when the total price of the products exceeds `284`.
3. It provides a fixed discount of `89`.",1,Voucher:1
"Looking for a yellow off shoulder maxi dress in XL, regular fit, with short sleeves, Korean style, and priced between 23 and 218 PHP.",1,Product:1
"Looking for a pouch with a pink polka dot design, suitable for any occasion, and priced under 7 PHP.",1,Product:1
"Looking for plug connectors for cars, specifically 5 sets of female type, compatible with models dj7025y-0.6-11 or dj7025y-0.6-21, and priced between 9 and 205 PHP.",1,Product:1
"Show me duster dresses with a graphic print in XL size, priced under 520 pesos.",1,Product:1
Show me liquid glue products that cost more than 11 pesos.,1,Product:1
"Show me a black crossbody bag with a simple pattern, trendy style, and suitable for everyday use.",1,Product:1
"Looking for a Nintendo Switch adventure and action game compatible with Nintendo consoles, made by Nintendo, and priced under 7968 PHP.",1,Product:1
Show me regular fit plain white cotton t-shirts under 217 pesos.,1,Product:1
"Looking for a laptop sleeve in 13-14inch size, color 1pcblue, suitable for macbook, and priced above 365 PHP.",1,Product:1
"Looking for bouncy balls suitable for children, priced under 415 PHP?",1,Product:1
"Looking for a shop offering sandwich bags with no leaks, pack of 100, priced above 19 pesos, and also selling fine ball pens in khaki color, priced between 21 and 90 pesos.",1,Shop:1
"Find a shop offering a motorcycle brake light with free delivery and a cost below 46 PHP, another brake light compatible with Yamaha bikes, and a mini driving light suitable for any motorcycle model priced under 1844 PHP.",1,Shop:1
"Find shops offering car covers where one product has a 2-tone color and fits a Nissan Armada, and another has a color suitable for white car spoilers, fits a Honda City, and costs under 901 PHP.",1,Shop:1
"Find shops offering canvas tote bags with a plain pattern and trendy style, priced between 663 and 1441 PHP, as well as shops selling large capacity canvas tote bags for women.",1,Shop:1
"Find shops offering multiple products where: (1) an a-line dress in medium, sky blue, sleeveless, plain style, made from alternative materials, with free shipping; (2) a luxury evening gown in small, blue, crafted from other materials, free shipping included, and priced above 130 PHP; (3) a black mini shirtdress in 3XL, plain pattern, shirt collar, and under 556 PHP. Only show shops that sell all these types of dresses.",1,Shop:1
"Find shops offering these items: a bear brand powdered milk drink over 158 pesos, ligo sardines (sardines variety) under 403 pesos, 555 tuna mechado in can packaging, and argentina corned beef (halal, cupboard storage) for less than 521 pesos.",1,Shop:1
"Find shops offering these items: First, a corn seed product priced below 15 PHP. Second, a grass seeds item with a price ranging from 9 to 20 PHP. Third, a sweet corn seed with the c4-hybrid sweet corn variation, costing more than 6 PHP.",1,Shop:1
"Find a shop offering both a Honda coolant (blue, under 530 PHP) and a Toyota gear oil (1 piece, products only, over 187 PHP). Use the basic categories: coolant and gear oil.",1,Shop:1
"Find products in the vacuum cleaner category. Also, look for LED bulbs that are 5w, single piece, energy efficient, white color, and 5 wattage. Search for solar-powered lights with 5v input voltage and available for cash on delivery. Lastly, show me hair straightening brushes in random color, suitable for curly hair, and can be paid via cash on delivery.

My budget is only `654`, but I have a voucher with the following rules:
1. The voucher only applies to the products from the same shop.
2. It is valid only when the total price of the products exceeds `408`.
3. It provides a fixed discount of `99`.",1,Voucher:1
"Show me crew neck tops in royal blue made from cotton spandex that support cash on delivery, and also modern ceramic tea sets with a long shape and 4 cups.

My budget is only `586`, but I have a voucher with the following rules:
1. The voucher applies to all products.
2. It is valid only when the total price of the products exceeds `130`.
3. It provides a percentage discount of `30%` with a cap of `104`.",1,Voucher:1
"I'm looking for a suzuki motorcycle part, a casual petite women's dress with a plain pattern, round-neck collar, and cash on delivery option, and baby nipples suitable for 0-3 months.

My budget is only `892`, but I have a voucher with the following rules:
1. The voucher applies to all products.
2. It is valid only when the total price of the products exceeds `1199`.
3. It provides a percentage discount of `48%` with a cap of `956`.",1,Voucher:1
"Show me a pair of high quality front fork shock absorbers for motorcycles with free delivery, a 3-in-1 carbon monoxide air quality monitor from inkbird, a black adjustable ankle support for sports, and a unisex nylon backpack for school.

My budget is only `2473`, but I have a voucher with the following rules:
1. The voucher applies to all products.
2. It is valid only when the total price of the products exceeds `2102`.
3. It provides a fixed discount of `380`.",1,Voucher:1
"Looking for akoto brand motorcycle spoiler in carbon color, model compatible with honda adv150 2019-2022. Also searching for garden ground cover fabric, size 1*50m, suitable for pruning knives.

My budget is only `796`, but I have a voucher with the following rules:
1. The voucher applies to all products.
2. It is valid only when the total price of the products exceeds `706`.
3. It provides a percentage discount of `19%` with a cap of `568`.",1,Voucher:1
"Find a crossbody bag made of nylon in white and gray with white elves, a jeans skirt accessory in champagne color (8 pieces per pack), and a red liquid silicone phone case for nova 8i that fits huawei nova 8i/honor 50 lite, has a movies & music theme, and supports cash on delivery.

My budget is only `332`, but I have a voucher with the following rules:
1. The voucher applies to all products.
2. It is valid only when the total price of the products exceeds `203`.
3. It provides a fixed discount of `58`.",1,Voucher:1
"Looking for a women's tank top in brown chocolate color with a crew neck; also searching for a face towel set made of microfibre, thin type, with cash on delivery available; and a pair of women's earrings for females, color e2108, featuring cubic zirconia and imitation pearl as main stones, model e2165.

My budget is only `395`, but I have a voucher with the following rules:
1. The voucher applies to all products.
2. It is valid only when the total price of the products exceeds `365`.
3. It provides a fixed discount of `150`.",1,Voucher:1
Looking for a pearl white hair remover roller under 403 PHP?,1,Product:1
"Looking for a black 20cm single camping mattress by mountainhiker, single size, with complimentary shipping and priced under 1897 PHP.",1,Product:1
"Show me a conditioner with milk protein variant for curl boosting, sold as a single piece, priced from 138 to 155 pesos.",1,Product:1
"Looking for a pink luxury phone case made of TPU, compatible with OPPO A3S, featuring a soft cover design and crafted from soft material.",1,Product:1
"Find brown laundry baskets set of 2 with 50-liter capacity, priced above 84 pesos.",1,Product:1
Show me coconut snacks under 243 pesos.,1,Product:1
Show me glass tube products in the 5pcs color option that support cash on delivery and cost under 255 PHP.,1,Product:1
I'm looking for a trouwids water filter set that supports pay on delivery.,1,Product:1
"Find a shop offering a smartwatch with no brand, priced under 664 PHP. Also, look for redmi earbuds with bluetooth, a built-in mic, 480mah battery, and costing more than 83 PHP. Include a portable bluetooth speaker with a built-in battery for less than 154 PHP. Lastly, search for a xiaomi bullet-style security camera with night vision, under 1396 PHP.",1,Shop:1
"Find shops offering baby clothing that have at least three items matching these: First, a pink romper or onesie made of 100% cotton, suitable for babies from 24 months, with a forest-themed design, recommended for ages 0-9 months, free shipping, and priced above 8 PHP. Second, a multicolor cotton set from Hudson Baby, for unisex infants aged 0-3 months, fits 60-80cm height, up to 5kg, with a max recommended age of 3-6 months. Third, a girls' layette set with shapes design, for 0-3 months, up to 5kg, and priced over 157 PHP.",1,Shop:1
"I'm looking for a shop that offers these items: First, a clear varnish premium with a price ranging from 122 to 358 pesos. Second, a drawing pen set with fine line point, priced between 138 and 1165 pesos. Third, a shadow box frame in black, size 8 x 10. Lastly, replacement brush nibs from Ohuhu, with a price above 8 pesos. Can you help me find a store that has all of these?",1,Shop:1
"Find shops offering electrical tape under 619 PHP, radiator cap below 164 PHP, a universal bearing for less than 121 PHP, and an oil filter priced under 1375 PHP.",1,Shop:1
"Find a shop offering these items: First, a soap for normal skin, sold as a single piece, with free delivery and priced under 88 pesos. Second, a body lotion containing salicylic acid, labeled as premium, designed for whitening, and costing more than 140 pesos. Third, a soap with lifting benefits, regular size, suitable for normal skin, premium brand, sold as a single item, and priced below 97 pesos.",1,Shop:1
"Looking for a shop offering a yellow spark plug cap and a set of spark plugs for Suzuki F6A or K6A engines, with the spark plugs priced under 1934 pesos.",1,Shop:1
"Find a shop offering these items: First, a sweetener with monk fruit, free shipping, and under 119 PHP. Second, organic shirataki rice. Third, dried apricot fruit snack, 500g solo size, under 149 PHP. All products should be available from the same seller.",1,Shop:1
"Find a shop offering both a camera accessory with notspecified variation, 77d color family, water resistance, and price above 629 PHP, and a flash trigger receiver with receiver variation, priced from 112 to 1130 PHP.",1,Shop:1
"Find shops offering ink products where one item is magenta (box) and costs over 13 pesos, another is yellow (no box) from Canon under 297 pesos, a third is cyan (no box) for less than 242 pesos, and a fourth is yellow (box) priced above 89 pesos.",1,Shop:1
"Looking for white AAA rechargeable batteries, pack of 4, from Panasonic.

My budget is only `183`, but I have a voucher with the following rules:
1. The voucher applies to all products.
2. It is valid only when the total price of the products exceeds `35`.
3. It provides a percentage discount of `46%` with a cap of `17`.",1,Voucher:1
"I'm looking for a spirit level with the model hsl28060. Also, I want an aluminum foil balloon with a get well soon theme. For skincare, I need a dermacare brand multi-pack set that includes both a cleanser and a lotion with salicylic acid, specifically for oil control. Lastly, I'm searching for a green kitchen cutter from OEM that supports cash on delivery.

My budget is only `826`, but I have a voucher with the following rules:
1. The voucher applies to all products.
2. It is valid only when the total price of the products exceeds `268`.
3. It provides a percentage discount of `37%` with a cap of `137`.",1,Voucher:1
"Looking for a grey beauty backpack with large storage for salon or hairdressing, and also women's running shoes in size EU 39, made of mesh material, suitable for jogging.

My budget is only `4687`, but I have a voucher with the following rules:
1. The voucher applies to all products.
2. It is valid only when the total price of the products exceeds `3550`.
3. It provides a percentage discount of `21%` with a cap of `1546`.",1,Voucher:1
"Looking for a cast iron check valve, 3 inch size, with pay on delivery option.

My budget is only `971`, but I have a voucher with the following rules:
1. The voucher applies to all products.
2. It is valid only when the total price of the products exceeds `195`.
3. It provides a percentage discount of `41%` with a cap of `180`.",1,Voucher:1
"Looking for a pink insulated mug made of glass, pp, and silicone; a men's cream XXL regular-fit polo shirt with a mandarin collar, short sleeves, and free shipping; a base-colored agility training pole; and a 12% volume oxidizer. Please show options in each category.

My budget is only `274`, but I have a voucher with the following rules:
1. The voucher applies to all products.
2. It is valid only when the total price of the products exceeds `305`.
3. It provides a percentage discount of `47%` with a cap of `301`.",1,Voucher:1
"Looking for a Super Red Aglaonema plant and a gray mini purse crossbody bag with a compact design, perfect for summer trips for both young men and women.

My budget is only `338`, but I have a voucher with the following rules:
1. The voucher applies to all products.
2. It is valid only when the total price of the products exceeds `349`.
3. It provides a percentage discount of `23%` with a cap of `325`.",1,Voucher:1
"Show me men's pants in 5xl with a regular style 2-pack (ba black + ba gray) color, straight fit, full-length trousers, made from 100% other materials, suitable for any season, and priced above 89 PHP.",1,Product:1
"Looking for stainless steel bolts under 9 PHP, with a pair of screws (2 pieces) as the variation, in the battery accessories category.",1,Product:1
Looking for a charcoal grill with a 30cm Japanese style pot and wooden lid.,1,Product:1
"Show me window visor items with prices above 40 PHP, products only.",1,Product:1
"Show me powder seasoning products with free delivery, priced from 10 to 58 pesos.",1,Product:1
"Looking for a blue plastic storage box for the desktop, priced from 31 to 69 pesos.",1,Product:1
"Looking for a women's t-shirt in white, size large (for 50-57.5kg), with a commute style, made from 100% cotton, and priced under 380 PHP.",1,Product:1
"Find shops offering jackets that match these preferences: For the first, a yellow cotton bomber jacket in medium with embroidery pattern and zipper closure, priced above 341 PHP. For the second, an apricot cotton racing jacket in extra large, hip hop style, with long sleeves, embroidery pattern, and price over 503 PHP. For the third, a black windbreaker in large, plain pattern, full sleeves, zip closure, and price above 462 PHP. For the fourth, a varsity jacket with price below 1228 PHP. Show only shops selling all these items.",1,Shop:1
"Find shops selling shirts that match these preferences: For the first shirt, I want a black color (shade: black-15), size 3XL, plain pattern, short sleeves, summer wear, made of cotton, brand Benoh, regular fit, and priced above 245 PHP. For the second, look for a black (black1) 3XL shirt with a graphic print, casual style, cotton material, short sleeves, single item per pack, cash on delivery available, and price over 97 PHP. For the third, I need a unisex black shirt, size M, scoop neckline, short sleeves, basic style, made in the Philippines, brand Benoh, and one piece per pack. For the fourth, search for a black shirt, size L, summer style, regular fit, cotton fabric, sport & street style, free shipping, and price below 493 PHP.",1,Shop:1
"Find a shop offering both a baby bottle nipple and a pacifier. For the nipple, it should have a wide neck, be suitable for babies 6 months or older, support cash on delivery, and cost more than 407 pesos. For the pacifier, the price should be under 643 pesos.",1,Shop:1
"Find shops offering these items: First, a hydroponics product with a price above 123 PHP. Second, an item priced between 431 and 597 PHP. Third, melon seeds of the amayuri (japanese) variety, with a seed_type of melon seeds and a price under 355 PHP. Lastly, a product costing more than 1252 PHP.",1,Shop:1
"Find shops offering products in the categories of headlight, makeup mirror, flashlight, and cycling light that match these criteria: For the headlight, it should be rechargeable, support 12v input, and cost under 506 PHP. For the makeup mirror, it should use mw-dry battery, be sold as a single item, and be priced between 29 and 178 PHP. For the flashlight, look for the 2388 specification, led bulb type, brand meilun, 1000 battery capacity, and a price from 60 to 485 PHP. For the cycling light, it should have the 811-2 specification, 1000 lumens, model 811, and cost less than 244 PHP.",1,Shop:1
"Find a shop offering a stainless steel kettle priced above 62 PHP, a blue USB mini fan with 5000mah power, variable speed, 3 blades, battery over 20001mah, and under 381 PHP, a 6-layer shoe rack with free delivery and costing more than 73 PHP, and a set of 6 black water/juice glasses priced above 77 PHP.",1,Shop:1
"Find a shop offering these items: First, a mop in red-s color, type mop, model 2371/2381, priced under 331 PHP. Second, a brown 110l storage organizer with container set feature, classical style, and free shipping. Third, a kitchen rack sized black-2tiers-8 board, made of stainless steel, brand qlyx, and costs less than 341 PHP.",1,Shop:1
"Looking for a rear panel for motorcycle, size #2 thick, and an air intake filter adapter plate for Mitsubishi V6 2.0 L4 (2002-2006) that fits maf sensor adaptor or similar models.

My budget is only `501`, but I have a voucher with the following rules:
1. The voucher applies to all products.
2. It is valid only when the total price of the products exceeds `291`.
3. It provides a fixed discount of `47`.",1,Voucher:1
"I'm looking for a college book in English, a masking tape that's multifunctional and strong, and a red vibration burglar alarm from kerui.

My budget is only `585`, but I have a voucher with the following rules:
1. The voucher applies to all products.
2. It is valid only when the total price of the products exceeds `218`.
3. It provides a fixed discount of `21`.",1,Voucher:1
"Looking for a stainless steel bathroom shelf with adjustable storage and triangle 1layer sjj design. Also interested in a white magnifying glass for close-up tasks, specifically a magnifier accessory. Additionally, searching for green waterproof tape for sealing and mould-proofing corners.

My budget is only `647`, but I have a voucher with the following rules:
1. The voucher applies to all products.
2. It is valid only when the total price of the products exceeds `133`.
3. It provides a percentage discount of `38%` with a cap of `95`.",1,Voucher:1
"Looking for baby clothes for girls in white pandas color, suitable for ages 18 months and up, recommended for 3-24 months. Also searching for a Toyota lower arm rubber sleeve bushing with Japan original factory large rubber sleeve 1 service and free shipping. Interested in a fast charging power set for iPhone with walnut brown color, lightning connection, USB data speed, US plug, 100-240v input, and Kimstore brand. Lastly, need reusable cable ties in red 8x500mm, ties & clips type, model 100pcs reusable cable ties.

My budget is only `1839`, but I have a voucher with the following rules:
1. The voucher applies to all products.
2. It is valid only when the total price of the products exceeds `366`.
3. It provides a fixed discount of `142`.",1,Voucher:1
"Looking for toy accessories that support child development, and also searching for a black hand stop suitable for unisex kids aged 12 and up.

My budget is only `1524`, but I have a voucher with the following rules:
1. The voucher only applies to the products from the same shop.
2. It is valid only when the total price of the products exceeds `308`.
3. It provides a fixed discount of `88`.",1,Voucher:1
"Looking for combination skin eye cream with a smoothing effect, single item, suitable for people in their 50s, in a cream color, and available as a random 1 piece. Also searching for a travel-sized upgraded serum for combination skin that offers sun protection. Additionally, interested in a premium 3-in-1 cream for oil control, with mint as an ingredient, melaleuca fragrance, SPF 51+, single item, and in a cream color.

My budget is only `1708`, but I have a voucher with the following rules:
1. The voucher only applies to the products from the same shop.
2. It is valid only when the total price of the products exceeds `863`.
3. It provides a percentage discount of `17%` with a cap of `624`.",1,Voucher:1
"Looking for eyeglasses accessories in blue (100pcs) made of microfiber, or cloth material, and also seeking men's glasses with a gold full rim frame.

My budget is only `206`, but I have a voucher with the following rules:
1. The voucher only applies to the products from the same shop.
2. It is valid only when the total price of the products exceeds `174`.
3. It provides a fixed discount of `18`.",1,Voucher:1
"Looking for linen 260gsm A4 photo paper in the a4 color family, a pack of 20 glossy matte label stickers from yasen, and yellow 500ml inkpiu uv dye ink for epson.

My budget is only `286`, but I have a voucher with the following rules:
1. The voucher only applies to the products from the same shop.
2. It is valid only when the total price of the products exceeds `101`.
3. It provides a percentage discount of `19%` with a cap of `21`.",1,Voucher:1
"Looking for an alcohol holder in plain colors with a blue 2-in-1 key holder, and also searching for a silver pet nail clipper made of stainless steel for grooming dogs or cats.

My budget is only `896`, but I have a voucher with the following rules:
1. The voucher applies to all products.
2. It is valid only when the total price of the products exceeds `752`.
3. It provides a fixed discount of `76`.",1,Voucher:1
"Show me cycling shoes in size 42.5 for biking, priced from 698 to 3949 PHP.",1,Product:1
"Looking for whitening soap for normal skin, 3 pieces set, under 46 pesos.",1,Product:1
"Show me lip balm products in the cotton candy shade, with a long-lasting effect, a shiny finish, and priced from 29 to 128 pesos.",1,Product:1
"Looking for a mestiza crop top in 3xl with removable sleeves, under 707 PHP.",1,Product:1
"Show me pink ankle support gear for workouts, designed for the ankle area, priced from 48 to 301 PHP.",1,Product:1
"Looking for a casetify phone case for iphone 13 pro in color b, with shockproof protection, and priced under 1457 PHP.",1,Product:1
Show me bamboo cutting boards with model number 0034134 that cost more than 109 pesos.,1,Product:1
Show me motorcycle jackets in size xxxxl that cost over 186 PHP.,1,Product:1
"Show me comfortable women's slippers made with microfiber, priced above 336 PHP.",1,Product:1
"Looking for a shop offering these: First, a tweeter voice coil under 106 pesos. Second, a digital karaoke amplifier with 6.35mm connection and 5.1 channels. Third, a JBL wireless/wired microphone set (two mics, 200s), with echo control, USB connection, system type, wired mic, and priced above 222 pesos. Lastly, a 10-inch subwoofer speaker with 500-1000W power, 2.0 channels, and under 1834 pesos. Show shops that have all these items.",1,Shop:1
"Looking for a shop offering both magnets and chargers. For the magnets, I want the 20pcs 30x10x5-5-5mm color option and the price should be under 418 PHP. For the charger, I need the uk plug version and it should cost less than 633 PHP.",1,Shop:1
"Looking for a shop that offers these items: First, a cabinet handle in white, made of ABS, from Tajima, with a door lock security type, and priced under 26 PHP. Second, a cabinet hinge in the 2 hinge color family, model 616a, for less than 129 PHP. Third, a cabinet lock with a door viewer security type, model magnificent marketing-287, made of metal, supports cash on delivery, and costs more than 91 PHP.",1,Shop:1
"Looking for a shop offering a gray car speaker box priced above 4 PHP, a dual magnet instrumental speaker over 647 PHP, and a pair of music monitor loudspeakers under 3200 PHP.",1,Shop:1
"Find a shop offering these items: First, a garden tool with color l and priced under 902 PHP. Second, an ultrasonic cleaning device in color 14l, used as a duster, and costing more than 266 PHP. Third, a car rescue accessory in black(1pcs), available with cash on delivery, and priced between 638 and 2063 PHP.",1,Shop:1
"Find shops offering a men's razor under 53 PHP, a hair spray above 236 PHP, a deep repair keratin treatment between 75 and 274 PHP, and a men's hair gel below 68 PHP.",1,Shop:1
"Find shops offering multiple items where: First, a sticker with design 2, model universal, and price above 3 PHP; Second, a cleaning product with free shipping and price over 103 PHP; Third, a glossy sticker with design 1 and price more than 14 PHP; Fourth, an air filter for honda beat motorcycle, make honda, services limited to products only, and price ranging from 247 to 569 PHP.",1,Shop:1
"Looking for a protective film for Google Pixel 9 Pro Fold and a hand gel sanitizer that is anti-bacterial and comes with complimentary shipping. The sanitizer should be in the body care category.

My budget is only `141`, but I have a voucher with the following rules:
1. The voucher applies to all products.
2. It is valid only when the total price of the products exceeds `130`.
3. It provides a percentage discount of `21%` with a cap of `60`.",1,Voucher:1
"I'm looking for a car seal strip in the 19mmx8m size, a white CPU air cooler, and a Bluetooth salinity meter for aquariums that comes with free shipping and allows payment on delivery.

My budget is only `3849`, but I have a voucher with the following rules:
1. The voucher applies to all products.
2. It is valid only when the total price of the products exceeds `1687`.
3. It provides a percentage discount of `38%` with a cap of `846`.",1,Voucher:1
"Looking for a Renata brand removable lithium battery in the battery category, and also searching for black Korean-style socks with a graphic print pattern in the socks category.

My budget is only `156`, but I have a voucher with the following rules:
1. The voucher applies to all products.
2. It is valid only when the total price of the products exceeds `113`.
3. It provides a fixed discount of `26`.",1,Voucher:1
"Show me hamster food that helps with joint health, specifically for hamsters.

My budget is only `129`, but I have a voucher with the following rules:
1. The voucher applies to all products.
2. It is valid only when the total price of the products exceeds `102`.
3. It provides a percentage discount of `39%` with a cap of `44`.",1,Voucher:1
"I'm looking for a large stainless steel door hinge that can rotate 360 degrees. Also, do you have a casual red shift dress in size small with a check pattern and sleeveless design?

My budget is only `294`, but I have a voucher with the following rules:
1. The voucher applies to all products.
2. It is valid only when the total price of the products exceeds `156`.
3. It provides a percentage discount of `47%` with a cap of `74`.",1,Voucher:1
"Looking for black tire valve caps for Toyota, model 001, from oem brand, priced under 221 pesos.",1,Product:1
Show me plain plastic folders under 484 PHP that come with a calculator and clipboard.,1,Product:1
Show me fish tank accessories for fish that are available with pay on delivery and cost more than 37 pesos.,1,Product:1
"Show me stainless steel water bottles from aquaflask in hunter green, priced above 44 pesos.",1,Product:1
"Show me men's jeans in size 29, dark blue color, straight fit, made of denim, with a high waist, casual style, and priced under 349 PHP.",1,Product:1
Show me lolane brand shampoo with a price above 30 PHP.,1,Product:1
Looking for red handlebar caps for Yamaha universal motorcycles under 511 PHP.,1,Product:1
Looking for a shop offering both a gray sound-absorbing board for car audio under 170 PHP and a black Samsung smart TV remote control under 175 PHP. Please show stores with these items in the audio and remote categories.,1,Shop:1
Looking for a shop offering both a green arcade timer board priced above 296 PHP and a stainless steel burger press for griddles costing over 111 PHP.,1,Shop:1
"Looking for a shop offering: 1) day cream for normal skin, travel size, SPF between 21 and 30, in cream form, under 23 pesos; 2) rejuvenating facial set with anti-aging benefits, suitable for normal skin, available in multi-pack; 3) brightening soap with kojic acid, dermacare brand, priced below 82 pesos.",1,Shop:1
"Find a shop offering these items: a fan with 15w power use, metal blades, timer function, 21v battery, and under 247 PHP; a mini grinder set in 25pcs black, waterproof, includes angle grinder, and costs over 41 PHP; a universal motorcycle handle grip, available for cash on delivery, priced between 31 and 278 PHP; and a toggle switch cover for ADV 160, priced from 48 to 199 PHP.",1,Shop:1
"Find shops offering vegetable seeds under 104 pesos, berries seeds above 6 pesos, and seeds below 76 pesos.",1,Shop:1
"Show me black cotton t-shirts in medium with a crew neck and short sleeves, available with free shipping and LazFlash deals.

My budget is only `183`, but I have a voucher with the following rules:
1. The voucher applies to all products.
2. It is valid only when the total price of the products exceeds `26`.
3. It provides a percentage discount of `49%` with a cap of `25`.",1,Voucher:1
"Show me folding bike tubes with LazFlash deals

My budget is only `165`, but I have a voucher with the following rules:
1. The voucher applies to all products.
2. It is valid only when the total price of the products exceeds `135`.
3. It provides a fixed discount of `20`.",1,Voucher:1
"Find products like a toilet sealing accessory, a pack of 30 Hello Kitty strawberry gummy candies for unisex, a Toyota Zenix chrome rear bumper protector, and an elegant black modern wall clock made of acrylic with a Roman numeral design. The wall clock should be a frameless, silent type suitable for living rooms or bedrooms.

My budget is only `1838`, but I have a voucher with the following rules:
1. The voucher applies to all products.
2. It is valid only when the total price of the products exceeds `544`.
3. It provides a fixed discount of `236`.",1,Voucher:1
"Looking for a bag of Piknik Original brand shoestring fries that are halal certified. Also searching for a light grey travel cosmetic organizer for men or women, size 25x14x13cm. Additionally, interested in a headlight cleaner for cars that comes with complimentary shipping.

My budget is only `294`, but I have a voucher with the following rules:
1. The voucher applies to all products.
2. It is valid only when the total price of the products exceeds `239`.
3. It provides a percentage discount of `28%` with a cap of `227`.",1,Voucher:1
"Looking for a muscle sando set for adults in a pack of assorted 3 pieces, perfect for summer. Also searching for kids' white t-shirts made of cotton, available in a set of 2, suitable for ages 7 to 9.

My budget is only `141`, but I have a voucher with the following rules:
1. The voucher only applies to the products from the same shop.
2. It is valid only when the total price of the products exceeds `77`.
3. It provides a percentage discount of `45%` with a cap of `58`.",1,Voucher:1
"Find kitchen tongs made of 304 stainless steel, size s 17cm, that are easy to clean and available with cash on delivery. Also, look for a hair removal cream for body care in 1pc color option.

My budget is only `207`, but I have a voucher with the following rules:
1. The voucher applies to all products.
2. It is valid only when the total price of the products exceeds `24`.
3. It provides a percentage discount of `13%` with a cap of `10`.",1,Voucher:1
Looking for strong adhesive in the glue category with complimentary shipping and a cost ranging from 23 to 330 PHP.,1,Product:1
"Show me crossbody bags in forest green, styled after Japanese and Korean trends, and priced under 713 PHP.",1,Product:1
Looking for a black horn set with a relay and socket from no brand. Show me options in the horn category.,1,Product:1
Show me black 5-inch mortar kitchenware with a price above 19 PHP.,1,Product:1
Looking for a cream in travel size that boosts radiance. Preferably a clarifying set.,1,Product:1
"Looking for hair clips in the 2pcs blue ribbon new color, made of lace, and without any stones.",1,Product:1
"Looking for brown seaweed snacks in a refill pouch, suitable for low sugar diets and can be stored in the pantry.",1,Product:1
"Show me left side fog light cover for toyota vios gen3, model years 2013 to 2018, priced under 242 PHP.",1,Product:1
"Looking for a shop offering these items: First, a hot pepper seed product under 177 PHP. Second, red habanero hot pepper seeds that are vegetable seeds from a generic brand. Third, native siling labuyo hot pepper seeds, also vegetable seeds, priced above 54 PHP. Lastly, biquinho red pepper seeds, categorized as vegetable seeds, with free shipping and a price between 46 and 208 PHP.",1,Shop:1
"Find shops offering a net for garden or farm use under 3089 PHP, and also selling a waterproof tarp or awning in blue, size 6x9 feet, with a rope included.",1,Shop:1
"Find a shop offering kids tops that includes: (1) a girls' top in size large for 5-6 years, made from a cotton-spandex blend, suitable for children weighing 25-30kg, height 120-140cm, recommended for ages 2-6, and perfect for New Year; (2) a boys' shirt with a Luigi design, size extra small for 6-12 months, crafted from spandex-cotton blend fabric, ideal for babies under 18 months, with a simple graphic, suitable for a full month celebration, and priced below 74 PHP; (3) a unisex sleeveless boys' tank with 'design text 13', size extra small for 6-12 months, featuring a crew neck, appropriate for all seasons, model year 2025, and priced under 92 PHP.",1,Shop:1
"Looking for a shop offering peanuts from edelyn's homemade nuts, with one item being a greaseless variety under 404 pesos and another as a pouch pack suitable for cupboard storage. Both should be peanut-based, with one specifically in the chocolate type and the other as a nut and fruit type.",1,Shop:1
"Find a shop offering these items: First, a large unisex diaper pants from Huggies with 22 pieces per pack, suitable for both boys and girls, priced under 416 PHP. Second, XXL size taped diapers from Drypers (Wee Wee Dry model), 128 pieces total, with free shipping and costing less than 3303 PHP. Third, a plain-flavored milk formula from S-26 for babies aged 6 to 12 months, under 940 PHP. Lastly, premium quality XXL girls' diaper pants from MamyPoko (model 8851111401819), 152 pieces, for less than 4649 PHP. Please show shops that sell all these products together.",1,Shop:1
"Looking for a mouse pad that's double sided, made of PU leather, and measures 60 by 30 cm. Interested in color options like violet with pink or dark blue with yellow. Also searching for a clear tempered glass screen protector for Redmi phones, especially compatible with Redmi 7A and similar models like 5A, 6A, 8A, 9A, and others. Prefer options that support cash on delivery.

My budget is only `102`, but I have a voucher with the following rules:
1. The voucher only applies to the products from the same shop.
2. It is valid only when the total price of the products exceeds `61`.
3. It provides a fixed discount of `18`.",1,Voucher:1
"Looking for white 125i variant decals for Honda Click, yellow sticker set for Suzuki Burgman, and red camouflage stickers for Honda Click 125i.

My budget is only `290`, but I have a voucher with the following rules:
1. The voucher only applies to the products from the same shop.
2. It is valid only when the total price of the products exceeds `109`.
3. It provides a percentage discount of `36%` with a cap of `89`.",1,Voucher:1
"I'm looking for an educational toy for kids that uses 4pcs aa battery as the model, requires 2 aa batteries, is suitable for children aged 3 years and above, and comes with batteries included. Also, I want a set of artificial wisteria flowers in a champagne color, size 1 pack (12 pieces), with an elegant floral style. Additionally, I'm interested in brown men's swim shorts that come with free shipping. Lastly, I need an oil seal ring with a color classification of 20x42x12 10.

My budget is only `398`, but I have a voucher with the following rules:
1. The voucher applies to all products.
2. It is valid only when the total price of the products exceeds `255`.
3. It provides a fixed discount of `66`.",1,Voucher:1
"Looking for comfortable slippers in size US 8, glitter light beige color, plain design, suitable for casual wear, and with free shipping. Also searching for a ceiling light with remote control, color family n-90*60cm max pro, warm white bulb, and fixture width between 10 and 14 inches.

My budget is only `1773`, but I have a voucher with the following rules:
1. The voucher applies to all products.
2. It is valid only when the total price of the products exceeds `511`.
3. It provides a fixed discount of `138`.",1,Voucher:1
"Show me red silicone pet bowls that are multi-purpose, pink double feeder bowls made of plastic with cash on delivery, XL fox-style pet vests, and green grooming combs for pets.

My budget is only `105`, but I have a voucher with the following rules:
1. The voucher only applies to the products from the same shop.
2. It is valid only when the total price of the products exceeds `49`.
3. It provides a fixed discount of `16`.",1,Voucher:1
"Looking for a gray shoulder bag with a simple design, suitable for everyday use, that comes with complimentary shipping and costs under 1794 PHP.",1,Product:1
"Looking for a replacement button flex cable for Samsung Galaxy J7, with a gold button color, model listed as others, and priced between 64 and 122 pesos.",1,Product:1
"Looking for a blue medium-sized ballet leotard for girls, priced between 74 and 181 PHP.",1,Product:1
Show me micro USB cables under 90 pesos.,1,Product:1
"Looking for a plain wall sign in the 2 holes color family, plate size about 7.8x11 inches, and priced under 186 pesos.",1,Product:1
"I'm looking for a headlights film in light black color, measuring 30cm by 60cm, and priced above 18 PHP.",1,Product:1
"Looking for a shop offering nasal aspirator accessories. I need one with a vacuum suction style and under 375 PHP, and another with a suction style from chiboji, priced below 494 PHP.",1,Shop:1
Find shops offering a liquid soap with a price from 186 to 510 pesos and a roll-on deodorant under 107 pesos.,1,Shop:1
"Find shops offering women's shoes where one item is a black pair in size EU 36, suitable for summer, priced between 161 and 288 PHP, and another is a black sandal in size EU 35, made of suede, costing under 150 PHP.",1,Shop:1
"I'm looking for plus size dresses from OEM with an A-line shape, round neckline, and embroidered pattern in color 'a' and size 4XL. Also, I'm interested in bodycon maxi dresses from OEM in color '1' and size M, with a V-neck, suitable for formal evening occasions, and available with cash on delivery.

My budget is only `3843`, but I have a voucher with the following rules:
1. The voucher only applies to the products from the same shop.
2. It is valid only when the total price of the products exceeds `886`.
3. It provides a percentage discount of `32%` with a cap of `426`.",1,Voucher:1
"Find chandelier lights with a semi circular black color, made from aluminum alloy, width between 10 and 14 inches, warm white bulbs, shatterproof, and free shipping. Also, show ceiling lights with apple 50cm tricolor light color, plastic material, white bulbs, and color-changing effects. Lastly, look for ceiling lights with 90*60cm tricolor light color and a fixture width of at least 25 inches.

My budget is only `1037`, but I have a voucher with the following rules:
1. The voucher only applies to the products from the same shop.
2. It is valid only when the total price of the products exceeds `1256`.
3. It provides a percentage discount of `34%` with a cap of `806`.",1,Voucher:1
"Find a washing machine cover that is white, open top 9-10kg, and made from composite material. Also, look for a pair of rear hatch lift supports for a Honda CR-V (2006-2011) that fits the Honda CR-V model, is OEM brand, and can be paid for with cash on delivery.

My budget is only `799`, but I have a voucher with the following rules:
1. The voucher applies to all products.
2. It is valid only when the total price of the products exceeds `604`.
3. It provides a fixed discount of `241`.",1,Voucher:1
"Find products in the back door accessories category that come with complimentary shipping. Also, look for items in the aircon vent repair kits category for Mitsubishi vehicles, specifically those that include free delivery.

My budget is only `2503`, but I have a voucher with the following rules:
1. The voucher only applies to the products from the same shop.
2. It is valid only when the total price of the products exceeds `739`.
3. It provides a percentage discount of `16%` with a cap of `192`.",1,Voucher:1
"Looking for a baby mat in the 'baby' category, color middle kitty, model mb142, and with complimentary shipping. Also searching for a safety helmet in the 'helmet' category, color white a. Additionally, interested in a baby announcement sign in the 'sign' category, made of plastic and featuring a holiday design.

My budget is only `1608`, but I have a voucher with the following rules:
1. The voucher applies to all products.
2. It is valid only when the total price of the products exceeds `539`.
3. It provides a percentage discount of `18%` with a cap of `191`.",1,Voucher:1
